Id;R;Rm;Nome;Squadra;Pv;Mv;Fm;Gf;Gs;Rp;Rc;R+;R-;Ass;Amm;Esp;Au;Qt.A;Affidabilita;Gf_per_90;Ass_per_90;Gs_per_90;Disciplina;Au_per_90;Indice_Rigorista
572;P;Por;Meret;Napoli;34;6,32;5,71;0;25;2;0;0;0;0;0;0;1;19;0.8947368421052632;0.0;0.0;0.7352941176470589;-0.0;0.029411764705882353;6.0
5841;P;Por;Svilar;Roma;38;6,32;5,38;0;35;0;0;0;0;0;1;0;0;16;1.0;0.0;0.0;0.9210526315789473;-0.013157894736842105;0.0;0.0
2170;P;Por;Milinkovic-Savic V.;Torino;37;6,3;5,45;0;42;4;0;0;0;0;3;0;0;16;0.9736842105263158;0.0;0.0;1.135135135135135;-0.04054054054054054;0.0;12.0
2521;P;Por;De Gea;Fiorentina;35;6,34;5,41;0;38;2;0;0;0;0;1;0;0;16;0.9210526315789473;0.0;0.0;1.0857142857142856;-0.014285714285714285;0.0;6.0
4431;P;Por;Carnesecchi;Atalanta;34;6,34;5,32;0;34;0;0;0;0;0;1;0;0;15;0.8947368421052632;0.0;0.0;1.0;-0.014705882352941176;0.0;0.0
2428;P;Por;Sommer;Inter;33;6,18;5,3;0;32;1;0;0;0;0;0;0;0;15;0.868421052631579;0.0;0.0;0.9696969696969697;-0.0;0.0;3.0
5876;P;Por;Di Gregorio;Juventus;33;6,15;5,18;0;32;0;0;0;0;0;0;0;0;14;0.868421052631579;0.0;0.0;0.9696969696969697;-0.0;0.0;0.0
4312;P;Por;Maignan;Milan;37;6,18;5,14;0;41;1;0;0;0;0;1;0;0;14;0.9736842105263158;0.0;0.0;1.1081081081081081;-0.013513513513513514;0.0;3.0
4360;P;Por;Caprile;Cagliari;22;6,2;5,16;0;23;0;0;0;0;0;0;0;0;14;0.5789473684210527;0.0;0.0;1.0454545454545454;-0.0;0.0;0.0
133;P;Por;Skorupski;Bologna;27;6,17;5,04;0;33;1;0;0;0;0;1;0;0;13;0.7105263157894737;0.0;0.0;1.2222222222222223;-0.018518518518518517;0.0;3.0
188;P;Por;Leali;Genoa;29;6,16;5,1;0;31;1;0;0;0;0;1;0;1;13;0.7631578947368421;0.0;0.0;1.0689655172413792;-0.017241379310344827;0.034482758620689655;3.0
6482;P;Por;Mandas;Lazio;9;6,28;5,5;0;7;0;0;0;0;0;0;0;0;12;0.23684210526315788;0.0;0.0;0.7777777777777778;-0.0;0.0;0.0
2134;P;Por;Falcone;Lecce;38;6,26;4,79;0;58;1;0;0;0;0;2;0;0;11;1.0;0.0;0.0;1.5263157894736843;-0.02631578947368421;0.0;3.0
6641;P;Por;Suzuki;Parma;37;6,22;4,76;0;53;0;0;0;0;0;0;1;0;11;0.9736842105263158;0.0;0.0;1.4324324324324325;-0.08108108108108109;0.0;0.0
6125;P;Por;Vasquez D.;Empoli;32;6,02;4,67;0;45;1;0;0;0;0;2;0;0;10;0.8421052631578947;0.0;0.0;1.40625;-0.03125;0.0;3.0
4867;P;Por;Turati;Monza;30;6,3;4,75;0;52;2;0;0;0;0;1;0;0;10;0.7894736842105263;0.0;0.0;1.7333333333333334;-0.016666666666666666;0.0;6.0
6966;P;Por;Butez;Como;18;6,22;5,22;0;18;0;0;0;0;0;0;0;0;10;0.47368421052631576;0.0;0.0;1.0;-0.0;0.0;0.0
5116;P;Por;Martinez Jo.;Inter;5;6,3;5,7;0;3;0;0;0;0;0;0;0;0;8;0.13157894736842105;0.0;0.0;0.6;-0.0;0.0;0.0
6462;P;Por;Okoye;Udinese;25;6,1;4,4;0;40;0;0;0;0;0;1;0;1;8;0.6578947368421053;0.0;0.0;1.6;-0.02;0.04;0.0
4957;P;Por;Montipo';Verona;36;6,19;4,44;0;64;1;0;0;0;0;0;0;1;8;0.9473684210526315;0.0;0.0;1.7777777777777777;-0.0;0.027777777777777776;3.0
6248;P;Por;Stankovic F.;Venezia;15;6,6;5,23;0;23;1;0;0;0;0;1;0;0;8;0.39473684210526316;0.0;0.0;1.5333333333333334;-0.03333333333333333;0.0;3.0
1843;P;Por;Radu I.;Venezia;15;6,47;5,23;0;18;0;0;0;0;0;1;0;0;8;0.39473684210526316;0.0;0.0;1.2;-0.03333333333333333;0.0;0.0
2814;P;Por;Provedel;Lazio;29;5,98;4,53;0;42;0;0;0;0;0;0;0;0;7;0.7631578947368421;0.0;0.0;1.4482758620689655;-0.0;0.0;0.0
2722;P;Por;Ravaglia F.;Bologna;12;6;4,83;0;14;0;0;0;0;0;0;0;0;6;0.3157894736842105;0.0;0.0;1.1666666666666667;-0.0;0.0;0.0
6842;P;Por;Sava;Udinese;12;6,04;4,67;0;16;0;0;0;0;0;1;0;0;4;0.3157894736842105;0.0;0.0;1.3333333333333333;-0.041666666666666664;0.0;0.0
387;P;Por;Reina;Como;12;5,75;4,5;0;14;0;0;0;0;0;0;1;0;3;0.3157894736842105;0.0;0.0;1.1666666666666667;-0.25;0.0;0.0
2815;P;Por;Terracciano;Fiorentina;3;6,17;5,17;0;3;0;0;0;0;0;0;0;0;2;0.07894736842105263;0.0;0.0;1.0;-0.0;0.0;0.0
218;P;Por;Perin;Juventus;5;6,1;5,5;0;3;0;0;0;0;0;0;0;0;2;0.13157894736842105;0.0;0.0;0.6;-0.0;0.0;0.0
4425;P;Por;Joronen;Venezia;8;5,5;3,38;0;15;0;0;0;0;0;0;0;1;2;0.21052631578947367;0.0;0.0;1.875;-0.0;0.125;0.0
6682;P;Por;Pizzignacco;Monza;9;6,06;3,94;0;17;0;0;0;0;0;0;0;1;2;0.23684210526315788;0.0;0.0;1.8888888888888888;-0.0;0.1111111111111111;0.0
574;P;Por;Scuffet;Napoli;14;5,89;4,18;0;24;0;0;0;0;0;0;0;0;1;0.3684210526315789;0.0;0.0;1.7142857142857142;-0.0;0.0;0.0
6650;P;Por;Sherri;Cagliari;7;5,86;4,29;0;11;0;0;0;0;0;0;0;0;1;0.18421052631578946;0.0;0.0;1.5714285714285714;-0.0;0.0;0.0
610;P;Por;Gollini;Roma;7;5,86;4,07;0;15;1;0;0;0;0;1;0;0;1;0.18421052631578946;0.0;0.0;2.142857142857143;-0.07142857142857142;0.0;3.0
2211;P;Por;Silvestri;Empoli;5;5,7;3,5;0;11;0;0;0;0;0;0;0;0;1;0.13157894736842105;0.0;0.0;2.2;-0.0;0.0;0.0
4270;P;Por;Rui Patricio;Atalanta;3;6,17;5,17;0;3;0;0;0;0;0;0;0;0;1;0.07894736842105263;0.0;0.0;1.0;-0.0;0.0;0.0
254;D;E;Dimarco;Inter;32;6,31;6,86;4;0;0;0;0;0;7;3;0;0;21;0.8421052631578947;0.125;0.21875;0.0;-0.046875;0.0;0.0
5513;D;E;Dumfries;Inter;29;6,19;6,91;7;0;0;0;0;0;2;4;0;0;19;0.7631578947368421;0.2413793103448276;0.06896551724137931;0.0;-0.06896551724137931;0.0;0.0
4433;D;"Dd;Ds;E";Zortea;Cagliari;35;6,07;6,6;6;0;0;0;0;0;2;3;0;0;18;0.9210526315789473;0.17142857142857143;0.05714285714285714;0.0;-0.04285714285714286;0.0;0.0
5877;D;E;Carlos Augusto;Inter;28;6,2;6,61;3;0;0;0;0;0;3;1;0;0;17;0.7368421052631579;0.10714285714285714;0.10714285714285714;0.0;-0.017857142857142856;0.0;0.0
2120;D;Dc;Bastoni;Inter;32;6,42;6,55;1;0;0;0;0;0;4;4;1;0;16;0.8421052631578947;0.03125;0.125;0.0;-0.15625;0.0;0.0
2160;D;E;Gosens;Fiorentina;32;6,12;6,59;5;0;0;0;0;0;3;6;0;0;16;0.8421052631578947;0.15625;0.09375;0.0;-0.09375;0.0;0.0
2816;D;"B;Dd;E";Di Lorenzo;Napoli;37;6,15;6,36;3;0;0;0;0;0;2;6;0;0;15;0.9736842105263158;0.08108108108108109;0.05405405405405406;0.0;-0.08108108108108109;0.0;0.0
554;D;E;Zappacosta;Atalanta;30;5,98;6,4;4;0;0;0;0;0;2;3;0;0;14;0.7894736842105263;0.13333333333333333;0.06666666666666667;0.0;-0.05;0.0;0.0
2593;D;"Ds;E";Martin;Genoa;36;6,17;6,32;0;0;0;0;0;0;8;5;0;0;14;0.9473684210526315;0.0;0.2222222222222222;0.0;-0.06944444444444445;0.0;0.0
5520;D;"Dd;Ds;E";Cambiaso;Juventus;32;6,09;6,31;2;0;0;0;0;0;3;4;0;0;14;0.8421052631578947;0.0625;0.09375;0.0;-0.0625;0.0;0.0
2296;D;Dc;Mancini;Roma;37;6,18;6,26;2;0;0;0;0;0;1;8;0;0;14;0.9736842105263158;0.05405405405405406;0.02702702702702703;0.0;-0.10810810810810811;0.0;0.0
4772;D;"Ds;E";Angelino;Roma;38;6,14;6,32;2;0;0;0;0;0;1;1;0;0;14;1.0;0.05263157894736842;0.02631578947368421;0.0;-0.013157894736842105;0.0;0.0
5885;D;"Dd;E";Dodo';Fiorentina;35;6,19;6,21;0;0;0;0;0;0;5;8;0;0;13;0.9210526315789473;0.0;0.14285714285714285;0.0;-0.11428571428571428;0.0;0.0
4292;D;"Ds;E";Hernandez T.;Milan;33;6,02;6,29;4;0;0;1;0;1;3;4;1;0;13;0.868421052631579;0.12121212121212122;0.09090909090909091;0.0;-0.15151515151515152;0.0;-1.5
5862;D;"Ds;E";Valeri;Parma;34;5,94;6,25;2;0;0;1;1;0;5;1;0;0;13;0.8947368421052632;0.058823529411764705;0.14705882352941177;0.0;-0.014705882352941176;0.0;4.5
6217;D;Dc;Bisseck;Inter;27;6;6,33;3;0;0;0;0;0;2;4;0;0;12;0.7105263157894737;0.1111111111111111;0.07407407407407407;0.0;-0.07407407407407407;0.0;0.0
2525;D;"B;Dd;E";Darmian;Inter;26;6,08;6,37;3;0;0;0;0;0;2;3;0;1;12;0.6842105263157895;0.11538461538461539;0.07692307692307693;0.0;-0.057692307692307696;0.038461538461538464;0.0
5620;D;"Ds;E";Tavares N.;Lazio;23;6,28;6,5;0;0;0;0;0;0;7;2;1;0;12;0.6052631578947368;0.0;0.30434782608695654;0.0;-0.17391304347826086;0.0;0.0
5838;D;"Dd;Ds;E";Birindelli;Monza;20;5,95;6,35;3;0;0;0;0;0;0;2;0;0;12;0.5263157894736842;0.15;0.0;0.0;-0.05;0.0;0.0
4409;D;Dc;Rrahmani;Napoli;38;6,14;6,17;1;0;0;0;0;0;1;2;0;1;12;1.0;0.02631578947368421;0.02631578947368421;0.0;-0.02631578947368421;0.02631578947368421;0.0
6664;D;"B;Dd;E";Delprato;Parma;34;6,03;6,21;4;2;0;0;0;0;0;8;0;0;12;0.8947368421052632;0.11764705882352941;0.0;0.058823529411764705;-0.11764705882352941;0.0;0.0
4887;D;E;Bellanova;Atalanta;35;6,04;6,26;0;0;0;0;0;0;9;3;0;0;12;0.9210526315789473;0.0;0.2571428571428571;0.0;-0.04285714285714286;0.0;0.0
393;D;Dc;Luperto;Cagliari;36;6;6,08;1;0;0;0;0;0;2;4;0;0;11;0.9473684210526315;0.027777777777777776;0.05555555555555555;0.0;-0.05555555555555555;0.0;0.0
5514;D;"Ds;Dc";Vasquez;Genoa;36;6,06;6,18;3;0;0;0;0;0;0;9;0;0;11;0.9473684210526315;0.08333333333333333;0.0;0.0;-0.125;0.0;0.0
322;D;Dc;De Vrij;Inter;22;6,18;6,55;3;0;0;0;0;0;0;2;0;0;11;0.5789473684210527;0.13636363636363635;0.0;0.0;-0.045454545454545456;0.0;0.0
2188;D;"Dd;Ds;E";Marusic;Lazio;31;5,85;6,16;4;0;0;0;0;0;0;1;0;1;11;0.8157894736842105;0.12903225806451613;0.0;0.0;-0.016129032258064516;0.03225806451612903;0.0
4530;D;"Ds;E";Kyriakopoulos;Monza;34;5,9;6,06;2;0;0;0;0;0;4;5;0;1;11;0.8947368421052632;0.058823529411764705;0.11764705882352941;0.0;-0.07352941176470588;0.029411764705882353;0.0
2724;D;Dc;Buongiorno;Napoli;22;6,36;6,45;1;0;0;0;0;0;0;2;0;0;11;0.5789473684210527;0.045454545454545456;0.0;0.0;-0.045454545454545456;0.0;0.0
1852;D;E;Spinazzola;Napoli;23;6,07;6,22;1;0;0;0;0;0;1;1;0;0;11;0.6052631578947368;0.043478260869565216;0.043478260869565216;0.0;-0.021739130434782608;0.0;0.0
5899;D;Dc;Gigot;Lazio;10;6,2;6,7;2;0;0;0;0;0;0;2;0;0;11;0.2631578947368421;0.2;0.0;0.0;-0.1;0.0;0.0
4734;D;"Ds;E";Miranda J.;Bologna;29;6,05;6,16;0;0;0;0;0;0;6;4;1;0;10;0.7631578947368421;0.0;0.20689655172413793;0.0;-0.1724137931034483;0.0;0.0
4421;D;"Ds;E";Augello;Cagliari;37;5,95;6,09;0;0;0;0;0;0;7;3;0;0;10;0.9736842105263158;0.0;0.1891891891891892;0.0;-0.04054054054054054;0.0;0.0
5010;D;Dc;Ismajli;Empoli;29;6,17;6,12;0;0;0;0;0;0;0;3;0;0;10;0.7631578947368421;0.0;0.0;0.0;-0.05172413793103448;0.0;0.0
5804;D;"Ds;E";Cacace;Empoli;29;5,79;6,02;2;0;0;0;0;0;3;6;0;0;10;0.7631578947368421;0.06896551724137931;0.10344827586206896;0.0;-0.10344827586206896;0.0;0.0
770;D;"Ds;E";Pezzella Giu.;Empoli;35;6,03;6,04;0;0;0;0;0;0;4;7;0;0;10;0.9210526315789473;0.0;0.11428571428571428;0.0;-0.1;0.0;0.0
5449;D;"Ds;E";Parisi;Fiorentina;20;6;6,22;2;0;0;0;0;0;0;3;0;0;10;0.5263157894736842;0.1;0.0;0.0;-0.075;0.0;0.0
5831;D;Dc;Gatti;Juventus;28;6,14;6,21;1;0;0;0;0;0;0;2;0;0;10;0.7368421052631579;0.03571428571428571;0.0;0.0;-0.03571428571428571;0.0;0.0
5835;D;"Dd;Dc";Baschirotto;Lecce;38;5,86;5,97;2;0;0;0;0;0;0;3;0;0;10;1.0;0.05263157894736842;0.0;0.0;-0.039473684210526314;0.0;0.0
4401;D;Dc;Gabbia;Milan;25;6,04;6,2;2;0;0;0;0;0;0;4;0;0;10;0.6578947368421053;0.08;0.0;0.0;-0.08;0.0;0.0
4317;D;Dc;N'Dicka;Roma;38;6,05;6,03;0;0;0;0;0;0;0;2;0;0;10;1.0;0.0;0.0;0.0;-0.02631578947368421;0.0;0.0
4210;D;Dc;Mina;Cagliari;31;6,06;6,06;1;0;0;0;0;0;0;4;1;0;9;0.8157894736842105;0.03225806451612903;0.0;0.0;-0.16129032258064516;0.0;0.0
4378;D;"Ds;Dc";Ranieri L.;Fiorentina;36;5,92;5,96;1;0;0;0;0;0;2;7;0;0;9;0.9473684210526315;0.027777777777777776;0.05555555555555555;0.0;-0.09722222222222222;0.0;0.0
5739;D;"Dd;Dc";De Winter;Genoa;24;5,85;6,1;3;0;0;0;0;0;0;6;0;0;9;0.631578947368421;0.125;0.0;0.0;-0.125;0.0;0.0
5833;D;Dc;Gila;Lazio;32;6,05;5,95;1;0;0;0;0;0;0;8;0;1;9;0.8421052631578947;0.03125;0.0;0.0;-0.125;0.03125;0.0
6632;D;Dc;Gaspar K.;Lecce;24;6,17;6,15;0;0;0;0;0;0;1;3;0;0;9;0.631578947368421;0.0;0.041666666666666664;0.0;-0.0625;0.0;0.0
4976;D;"Dd;Dc";Kalulu;Juventus;28;6,02;6,05;1;0;0;0;0;0;0;2;1;0;9;0.7368421052631579;0.03571428571428571;0.0;0.0;-0.14285714285714285;0.0;0.0
5840;D;"B;Ds;E";Olivera;Napoli;30;6,08;6,05;0;0;0;0;0;0;1;4;0;0;9;0.7894736842105263;0.0;0.03333333333333333;0.0;-0.06666666666666667;0.0;0.0
4385;D;E;Lazaro;Torino;31;5,98;6,08;0;0;0;0;0;0;6;6;0;0;9;0.8157894736842105;0.0;0.1935483870967742;0.0;-0.0967741935483871;0.0;0.0
5555;D;"Ds;E";Kamara H.;Udinese;30;5,93;6,03;1;0;0;0;0;0;4;6;1;0;9;0.7894736842105263;0.03333333333333333;0.13333333333333333;0.0;-0.2;0.0;0.0
6672;D;Dc;Idzes;Venezia;35;5,96;5,97;1;0;0;0;0;0;0;5;0;0;9;0.9210526315789473;0.02857142857142857;0.0;0.0;-0.07142857142857142;0.0;0.0
5022;D;Dc;Pavlovic;Milan;22;5,91;6,11;2;0;0;0;0;0;1;3;1;0;9;0.5789473684210527;0.09090909090909091;0.045454545454545456;0.0;-0.20454545454545456;0.0;0.0
6956;D;Dc;Solet;Udinese;19;6,16;6,29;1;0;0;0;0;0;1;1;1;0;9;0.5;0.05263157894736842;0.05263157894736842;0.0;-0.18421052631578946;0.0;0.0
787;D;Dc;Djimsiti;Atalanta;33;5,88;5,88;1;0;0;0;0;0;2;6;0;1;8;0.868421052631579;0.030303030303030304;0.06060606060606061;0.0;-0.09090909090909091;0.030303030303030304;0.0
5354;D;E;Ruggeri;Atalanta;26;6;6,08;0;0;0;0;0;0;3;2;0;0;8;0.6842105263157895;0.0;0.11538461538461539;0.0;-0.038461538461538464;0.0;0.0
6202;D;Dc;Beukema;Bologna;34;5,93;5,94;0;0;0;0;0;0;1;1;0;0;8;0.8947368421052632;0.0;0.029411764705882353;0.0;-0.014705882352941176;0.0;0.0
4461;D;"B;Dd;E";Zappa;Cagliari;36;5,75;5,86;2;0;0;0;0;0;0;4;0;0;8;0.9473684210526315;0.05555555555555555;0.0;0.0;-0.05555555555555555;0.0;0.0
5718;D;Dc;Viti;Empoli;30;6,02;6,07;1;0;0;0;0;0;0;3;0;0;8;0.7894736842105263;0.03333333333333333;0.0;0.0;-0.05;0.0;0.0
513;D;Dc;Acerbi;Inter;21;6,07;6,12;0;0;0;0;0;0;1;0;0;0;8;0.5526315789473685;0.0;0.047619047619047616;0.0;-0.0;0.0;0.0
2788;D;Dc;Bremer;Juventus;6;6,5;6,42;0;0;0;0;0;0;0;1;0;0;8;0.15789473684210525;0.0;0.0;0.0;-0.08333333333333333;0.0;0.0
460;D;Dc;Romagnoli;Lazio;32;5,84;5,91;2;0;0;0;0;0;0;4;2;0;8;0.8421052631578947;0.0625;0.0;0.0;-0.25;0.0;0.0
2728;D;"Ds;E";Pellegrini Lu.;Lazio;19;6,08;6,11;0;0;0;0;0;0;3;5;0;0;8;0.5;0.0;0.15789473684210525;0.0;-0.13157894736842105;0.0;0.0
5307;D;Dc;Valenti;Parma;20;5,85;5,85;1;0;0;0;0;0;0;4;1;0;8;0.5263157894736842;0.05;0.0;0.0;-0.25;0.0;0.0
4994;D;"B;Dd;E";Vojvoda;Como;27;5,96;6,04;1;0;0;0;0;0;2;6;0;0;8;0.7105263157894737;0.037037037037037035;0.07407407407407407;0.0;-0.1111111111111111;0.0;0.0
49;D;"B;Ds;E";Masina;Torino;24;5,96;6,12;1;0;0;0;0;0;3;5;0;0;8;0.631578947368421;0.041666666666666664;0.125;0.0;-0.10416666666666667;0.0;0.0
5847;D;Dc;Bijol;Udinese;34;5,99;5,88;1;0;0;0;0;0;2;11;1;1;8;0.8947368421052632;0.029411764705882353;0.058823529411764705;0.0;-0.25;0.029411764705882353;0.0
6480;D;"Dd;E";Tchatchoua;Verona;36;5,76;5,9;2;0;0;0;0;0;3;6;1;0;8;0.9473684210526315;0.05555555555555555;0.08333333333333333;0.0;-0.16666666666666666;0.0;0.0
6802;D;"B;Dd;E";Savona;Juventus;27;5,89;6,02;2;0;0;0;0;0;0;5;0;0;8;0.7105263157894737;0.07407407407407407;0.0;0.0;-0.09259259259259259;0.0;0.0
697;D;E;Cuadrado;Atalanta;20;6,08;6,1;0;0;0;0;0;0;2;3;0;0;8;0.5263157894736842;0.0;0.1;0.0;-0.075;0.0;0.0
4665;D;Dc;Maripan;Torino;28;5,93;5,93;1;0;0;0;0;0;0;4;1;0;8;0.7368421052631579;0.03571428571428571;0.0;0.0;-0.17857142857142858;0.0;0.0
2515;D;"B;Dd;E";Walker;Milan;10;5,95;5,9;0;0;0;0;0;0;0;1;0;0;8;0.2631578947368421;0.0;0.0;0.0;-0.05;0.0;0.0
5678;D;"Dd;E";Holm;Bologna;16;5,94;6,12;1;0;0;0;0;0;1;3;0;0;7;0.42105263157894735;0.0625;0.0625;0.0;-0.09375;0.0;0.0
2653;D;"Ds;E";Lykogiannis;Bologna;16;6;6,16;0;0;0;0;0;0;4;3;0;0;7;0.42105263157894735;0.0;0.25;0.0;-0.09375;0.0;0.0
6495;D;Dc;Comuzzo;Fiorentina;28;5,91;5,93;1;0;0;0;0;0;0;5;0;0;7;0.7368421052631579;0.03571428571428571;0.0;0.0;-0.08928571428571429;0.0;0.0
252;D;"B;Ds;E";Biraghi;Torino;21;5,83;5,86;1;0;0;0;0;0;0;1;0;1;7;0.5526315789473685;0.047619047619047616;0.0;0.0;-0.023809523809523808;0.047619047619047616;0.0
791;D;"Dd;Ds;E";Sabelli;Genoa;30;5,87;5,9;0;0;0;0;0;0;2;3;0;0;7;0.7894736842105263;0.0;0.06666666666666667;0.0;-0.05;0.0;0.0
4177;D;"Dd;Dc";Pavard;Inter;22;6,05;6;0;0;0;0;0;0;1;4;0;0;7;0.5789473684210527;0.0;0.045454545454545456;0.0;-0.09090909090909091;0.0;0.0
4751;D;Dc;Tomori;Milan;18;5,86;5,81;0;0;0;0;0;0;1;2;1;0;7;0.47368421052631576;0.0;0.05555555555555555;0.0;-0.2222222222222222;0.0;0.0
5764;D;Dc;Coppola D.;Verona;33;5,8;5,86;2;0;0;0;0;0;1;10;0;0;7;0.868421052631579;0.06060606060606061;0.030303030303030304;0.0;-0.15151515151515152;0.0;0.0
5695;D;"Ds;E";Haps;Venezia;22;5,86;5,98;1;0;0;0;0;0;1;3;0;0;7;0.5789473684210527;0.045454545454545456;0.045454545454545456;0.0;-0.06818181818181818;0.0;0.0
6531;D;"Dd;Ds;E";Jimenez A.;Milan;21;5,95;5,83;0;0;0;0;0;0;0;6;0;0;7;0.5526315789473685;0.0;0.0;0.0;-0.14285714285714285;0.0;0.0
2640;D;"B;Ds;E";Kolasinac;Atalanta;23;6,13;5,98;0;0;0;0;0;0;2;7;0;1;6;0.6052631578947368;0.0;0.08695652173913043;0.0;-0.15217391304347827;0.043478260869565216;0.0
5701;D;Dc;Obert;Cagliari;19;5,95;6,05;1;0;0;0;0;0;1;4;0;0;6;0.5;0.05263157894736842;0.05263157894736842;0.0;-0.10526315789473684;0.0;0.0
418;D;Dc;Goldaniga;Como;30;5,83;5,73;1;0;0;0;0;0;0;10;1;0;6;0.7894736842105263;0.03333333333333333;0.0;0.0;-0.26666666666666666;0.0;0.0
5527;D;"Dd;E";Zanoli;Genoa;27;5,91;5,96;1;0;0;0;0;0;0;3;0;0;6;0.7105263157894737;0.037037037037037035;0.0;0.0;-0.05555555555555555;0.0;0.0
4904;D;Dc;Mari';Fiorentina;32;5,84;5,75;0;0;0;0;0;0;0;4;1;0;6;0.8421052631578947;0.0;0.0;0.0;-0.15625;0.0;0.0
6642;D;Dc;Coco;Torino;32;5,86;5,83;2;0;0;0;0;0;0;10;0;1;6;0.8421052631578947;0.0625;0.0;0.0;-0.15625;0.03125;0.0
4263;D;Dc;Kabasele;Udinese;16;5,84;6,22;2;0;0;0;0;0;0;0;0;0;6;0.42105263157894735;0.125;0.0;0.0;-0.0;0.0;0.0
6047;D;"Dd;E";Ehizibue;Udinese;31;5,85;5,81;0;0;0;0;0;0;1;5;0;0;6;0.8157894736842105;0.0;0.03225806451612903;0.0;-0.08064516129032258;0.0;0.0
4816;D;"B;Dd;Ds";Emerson Royal;Milan;17;5,62;5,47;0;0;0;0;0;0;0;5;0;0;6;0.4473684210526316;0.0;0.0;0.0;-0.14705882352941177;0.0;0.0
6887;D;Dc;Leoni;Parma;17;5,85;5,88;1;0;0;0;0;0;0;3;1;0;6;0.4473684210526316;0.058823529411764705;0.0;0.0;-0.2647058823529412;0.0;0.0
6893;D;Dc;Kempf;Como;31;5,85;5,76;0;0;0;0;0;0;0;4;1;0;6;0.8157894736842105;0.0;0.0;0.0;-0.16129032258064516;0.0;0.0
5532;D;"Ds;E";Bradaric;Verona;27;5,72;5,72;1;0;0;0;0;0;0;6;0;0;6;0.7105263157894737;0.037037037037037035;0.0;0.0;-0.1111111111111111;0.0;0.0
6985;D;"Ds;Dc";Candè;Venezia;17;5,76;5,82;1;0;0;0;0;0;0;4;0;0;6;0.4473684210526316;0.058823529411764705;0.0;0.0;-0.11764705882352941;0.0;0.0
6766;D;"Ds;Dc";Kelly L.;Juventus;12;5,67;5,62;0;0;0;0;0;0;0;1;0;0;6;0.3157894736842105;0.0;0.0;0.0;-0.041666666666666664;0.0;0.0
6046;D;Dc;Hien;Atalanta;29;5,95;5,78;0;0;0;0;0;0;0;10;0;0;5;0.7631578947368421;0.0;0.0;0.0;-0.1724137931034483;0.0;0.0
6042;D;Dc;Lucumi';Bologna;32;5,83;5,7;0;0;0;0;0;0;1;8;1;0;5;0.8421052631578947;0.0;0.03125;0.0;-0.21875;0.0;0.0
487;D;"Dd;E";De Silvestri;Bologna;16;5,91;6,06;1;0;0;0;0;0;0;1;0;0;5;0.42105263157894735;0.0625;0.0;0.0;-0.03125;0.0;0.0
5435;D;"Ds;E";Moreno Alb.;Como;23;5,96;5,87;0;0;0;0;0;0;0;4;0;0;5;0.6052631578947368;0.0;0.0;0.0;-0.08695652173913043;0.0;0.0
6537;D;"Dd;Dc";Goglichidze;Empoli;33;5,76;5,71;0;0;0;0;0;0;1;3;1;0;5;0.868421052631579;0.0;0.030303030303030304;0.0;-0.13636363636363635;0.0;0.0
5603;D;Dc;Pongracic;Fiorentina;17;5,85;5,65;0;0;0;0;0;0;0;1;1;1;5;0.4473684210526316;0.0;0.0;0.0;-0.20588235294117646;0.058823529411764705;0.0
2285;D;Dc;Bani;Genoa;20;5,92;5,85;0;0;0;0;0;0;0;3;0;0;5;0.5263157894736842;0.0;0.0;0.0;-0.075;0.0;0.0
2263;D;"Dd;E";Lazzari;Lazio;22;5,89;5,86;0;0;0;0;0;0;1;3;0;0;5;0.5789473684210527;0.0;0.045454545454545456;0.0;-0.06818181818181818;0.0;0.0
140;D;"Dd;Ds;E";Hysaj;Lazio;8;5,88;6,12;0;0;0;0;0;0;3;0;1;0;5;0.21052631578947367;0.0;0.375;0.0;-0.375;0.0;0.0
4502;D;"Ds;E";Gallo;Lecce;31;5,79;5,65;0;0;0;0;0;0;2;3;1;2;5;0.8157894736842105;0.0;0.06451612903225806;0.0;-0.14516129032258066;0.06451612903225806;0.0
4657;D;"Dd;E";Celik;Roma;30;5,78;5,77;0;0;0;0;0;0;2;5;0;0;5;0.7894736842105263;0.0;0.06666666666666667;0.0;-0.08333333333333333;0.0;0.0
6211;D;"Ds;E";Zemura;Udinese;21;5,81;6;1;0;0;0;0;0;2;2;0;0;5;0.5526315789473685;0.047619047619047616;0.09523809523809523;0.0;-0.047619047619047616;0.0;0.0
2181;D;Dc;Palomino;Cagliari;17;5,76;5,85;1;0;0;0;0;0;0;3;0;0;5;0.4473684210526316;0.058823529411764705;0.0;0.0;-0.08823529411764706;0.0;0.0
5626;D;"B;Dd;Ds";Guilbert;Lecce;31;5,79;5,71;0;0;0;0;0;0;1;3;2;0;5;0.8157894736842105;0.0;0.03225806451612903;0.0;-0.24193548387096775;0.0;0.0
6892;D;"Dd;Dc";Schingtienne;Venezia;15;5,7;5,63;0;0;0;0;0;0;0;2;0;0;5;0.39473684210526316;0.0;0.0;0.0;-0.06666666666666667;0.0;0.0
5578;D;"Dd;Dc";Kossounou;Atalanta;17;5,94;5,91;0;0;0;0;0;0;0;1;0;0;5;0.4473684210526316;0.0;0.0;0.0;-0.029411764705882353;0.0;0.0
6896;D;"Dd;E";Van Der Brempt;Como;18;5,94;5,92;0;0;0;0;0;0;1;3;0;0;5;0.47368421052631576;0.0;0.05555555555555555;0.0;-0.08333333333333333;0.0;0.0
6975;D;"Dd;E";Alberto Costa;Juventus;8;6;5,81;0;0;0;0;0;0;0;3;0;0;5;0.21052631578947367;0.0;0.0;0.0;-0.1875;0.0;0.0
6986;D;"B;Dd;E";Rensch;Roma;8;6,06;6,19;0;0;0;0;0;0;1;0;0;0;5;0.21052631578947367;0.0;0.125;0.0;-0.0;0.0;0.0
6990;D;"Dd;E";Veiga D.;Lecce;11;5,73;5,73;0;0;0;0;0;0;0;0;0;0;5;0.2894736842105263;0.0;0.0;0.0;-0.0;0.0;0.0
6867;D;"Ds;E";Valle;Como;13;5,81;5,73;0;0;0;0;0;0;0;2;0;0;5;0.34210526315789475;0.0;0.0;0.0;-0.07692307692307693;0.0;0.0
6230;D;Dc;Dossena;Como;23;5,8;5,85;0;0;0;0;0;0;2;0;1;0;4;0.6052631578947368;0.0;0.08695652173913043;0.0;-0.13043478260869565;0.0;0.0
4374;D;Dc;Walukiewicz;Torino;28;5,73;5,64;0;0;0;0;0;0;0;6;0;0;4;0.7368421052631579;0.0;0.0;0.0;-0.10714285714285714;0.0;0.0
5480;D;"Dd;E";Ebuehi;Empoli;3;6,17;6,17;0;0;0;0;0;0;0;0;0;0;4;0.07894736842105263;0.0;0.0;0.0;-0.0;0.0;0.0
6245;D;"Dd;Dc";Vogliacco;Parma;20;5,7;5,78;2;0;0;0;0;0;0;5;0;1;4;0.5263157894736842;0.1;0.0;0.0;-0.125;0.05;0.0
358;D;"Dd;Ds;E";De Sciglio;Empoli;12;5,79;6,04;1;0;0;0;0;0;0;0;0;0;4;0.3157894736842105;0.08333333333333333;0.0;0.0;-0.0;0.0;0.0
357;D;"Dd;E";Calabria;Bologna;13;5,88;5,85;0;0;0;0;0;0;1;3;0;0;4;0.34210526315789475;0.0;0.07692307692307693;0.0;-0.11538461538461539;0.0;0.0
226;D;Dc;Izzo;Monza;28;5,75;5,68;1;0;0;0;0;0;1;12;0;0;4;0.7368421052631579;0.03571428571428571;0.03571428571428571;0.0;-0.21428571428571427;0.0;0.0
4925;D;"Ds;Dc";Carboni A.;Monza;26;5,63;5,62;0;0;0;0;0;0;2;5;0;0;4;0.6842105263157895;0.0;0.07692307692307693;0.0;-0.09615384615384616;0.0;0.0
729;D;"Dd;E";Pereira P.;Monza;33;5,64;5,65;1;0;0;0;0;0;2;10;0;0;4;0.868421052631579;0.030303030303030304;0.06060606060606061;0.0;-0.15151515151515152;0.0;0.0
5353;D;Dc;Balogh;Parma;27;5,78;5,72;0;0;0;0;0;0;1;5;0;0;4;0.7105263157894737;0.0;0.037037037037037035;0.0;-0.09259259259259259;0.0;0.0
6485;D;Dc;Kristensen T.;Udinese;21;5,57;5,6;1;0;0;0;0;0;0;5;0;0;4;0.5526315789473685;0.047619047619047616;0.0;0.0;-0.11904761904761904;0.0;0.0
1952;D;"Dd;Ds;E";Zampano;Venezia;22;5,77;5,89;1;0;0;0;0;0;2;5;0;0;4;0.5789473684210527;0.045454545454545456;0.09090909090909091;0.0;-0.11363636363636363;0.0;0.0
4493;D;Dc;Dawidowicz;Verona;25;5,56;5,38;0;0;0;0;0;0;0;7;1;0;4;0.6578947368421053;0.0;0.0;0.0;-0.26;0.0;0.0
6631;D;Dc;Ghilardi;Verona;24;5,73;5,54;0;0;0;0;0;0;0;7;1;0;4;0.631578947368421;0.0;0.0;0.0;-0.2708333333333333;0.0;0.0
4982;D;Dc;Erlic;Bologna;7;6,07;6,07;0;0;0;0;0;0;0;0;0;0;4;0.18421052631578946;0.0;0.0;0.0;-0.0;0.0;0.0
6809;D;Dc;Marianucci;Empoli;13;5,81;5,73;0;0;0;0;0;0;0;0;1;0;4;0.34210526315789475;0.0;0.0;0.0;-0.23076923076923078;0.0;0.0
6814;D;"Dd;E";Norton-Cuffy;Genoa;10;5,7;5,7;0;0;0;0;0;0;0;0;0;0;4;0.2631578947368421;0.0;0.0;0.0;-0.0;0.0;0.0
6826;D;E;Dembele' A.;Torino;9;5,67;5,89;1;0;0;0;0;0;0;0;1;0;4;0.23684210526315788;0.1111111111111111;0.0;0.0;-0.3333333333333333;0.0;0.0
6883;D;Dc;Jean;Lecce;18;5,75;5,75;0;0;0;0;0;0;0;0;0;0;4;0.47368421052631576;0.0;0.0;0.0;-0.0;0.0;0.0
6957;D;Dc;Valentini N.;Verona;14;5,61;5,43;0;0;0;0;0;0;0;3;1;0;4;0.3684210526315789;0.0;0.0;0.0;-0.32142857142857145;0.0;0.0
7018;D;Dc;Nelsson;Roma;4;6;6;0;0;0;0;0;0;0;0;0;0;4;0.10526315789473684;0.0;0.0;0.0;-0.0;0.0;0.0
695;D;Dc;Toloi;Atalanta;9;5,94;5,89;0;0;0;0;0;0;0;1;0;0;3;0.23684210526315788;0.0;0.0;0.0;-0.05555555555555555;0.0;0.0
6660;D;Dc;Marcandalli;Venezia;8;5,88;5,75;0;0;0;0;0;0;0;2;0;0;3;0.21052631578947367;0.0;0.0;0.0;-0.125;0.0;0.0
5498;D;Dc;Casale;Bologna;15;5,63;5,53;0;0;0;0;0;0;1;1;0;1;3;0.39473684210526316;0.0;0.06666666666666667;0.0;-0.03333333333333333;0.06666666666666667;0.0
6055;D;Dc;Thiaw;Milan;22;5,75;5,43;0;0;0;0;0;0;0;2;0;3;3;0.5789473684210527;0.0;0.0;0.0;-0.045454545454545456;0.13636363636363635;0.0
256;D;"Ds;Dc";Juan Jesus;Napoli;13;5,81;5,81;0;0;0;0;0;0;1;2;0;0;3;0.34210526315789475;0.0;0.07692307692307693;0.0;-0.07692307692307693;0.0;0.0
6832;D;E;Palestra;Atalanta;3;6;6;0;0;0;0;0;0;0;0;0;0;3;0.07894736842105263;0.0;0.0;0.0;-0.0;0.0;0.0
6426;D;E;Pedersen;Torino;23;5,61;5,54;0;0;0;0;0;0;0;3;0;0;3;0.6052631578947368;0.0;0.0;0.0;-0.06521739130434782;0.0;0.0
2406;D;Dc;Hummels;Roma;13;6,12;5,92;0;0;0;0;0;0;0;1;0;1;3;0.34210526315789475;0.0;0.0;0.0;-0.038461538461538464;0.07692307692307693;0.0
6916;D;"B;Ds;E";Ahanor;Genoa;6;6;6;0;0;0;0;0;0;0;0;0;0;3;0.15789473684210525;0.0;0.0;0.0;-0.0;0.0;0.0
7014;D;"B;Dd;E";Smolcic I.;Como;8;5,81;5,75;0;0;0;0;0;0;0;2;0;0;3;0.21052631578947367;0.0;0.0;0.0;-0.125;0.0;0.0
6066;D;"Dd;Dc";Posch;Atalanta;13;5,81;5,77;0;0;0;0;0;0;0;1;0;0;2;0.34210526315789475;0.0;0.0;0.0;-0.038461538461538464;0.0;0.0
6244;D;Dc;Matturro;Genoa;12;5,62;5,54;0;0;0;0;0;0;0;2;0;0;2;0.3157894736842105;0.0;0.0;0.0;-0.08333333333333333;0.0;0.0
6039;D;"B;Ds;E";Cabal;Juventus;6;6,33;6,25;0;0;0;0;0;0;0;1;0;0;2;0.15789473684210525;0.0;0.0;0.0;-0.08333333333333333;0.0;0.0
4958;D;"Ds;Dc";Caldirola;Monza;14;5,75;5,61;0;0;0;0;0;0;0;4;0;0;2;0.3684210526315789;0.0;0.0;0.0;-0.14285714285714285;0.0;0.0
6638;D;Dc;Marin R.;Napoli;3;6;5,83;0;0;0;0;0;0;0;1;0;0;2;0.07894736842105263;0.0;0.0;0.0;-0.16666666666666666;0.0;0.0
6663;D;Dc;Circati;Parma;6;5,83;5,75;0;0;0;0;0;0;0;1;0;0;2;0.15789473684210525;0.0;0.0;0.0;-0.08333333333333333;0.0;0.0
6533;D;Dc;Giannetti L.;Udinese;13;5,69;5,46;1;0;0;0;0;0;0;4;0;2;2;0.34210526315789475;0.07692307692307693;0.0;0.0;-0.15384615384615385;0.15384615384615385;0.0
5484;D;Dc;Svoboda;Venezia;16;5,69;5,84;1;0;0;0;0;0;0;1;0;0;2;0.42105263157894735;0.0625;0.0;0.0;-0.03125;0.0;0.0
6673;D;"B;Ds;E";Sverko;Venezia;14;5,75;5,86;1;0;0;0;0;0;0;3;0;0;2;0.3684210526315789;0.07142857142857142;0.0;0.0;-0.10714285714285714;0.0;0.0
6639;D;"Ds;E";Frese;Verona;7;5,79;5,79;0;0;0;0;0;0;0;0;0;0;2;0.18421052631578946;0.0;0.0;0.0;-0.0;0.0;0.0
6820;D;E;Sosa B.;Torino;18;5,72;5,72;0;0;0;0;0;0;0;0;0;0;2;0.47368421052631576;0.0;0.0;0.0;-0.0;0.0;0.0
4284;D;"E;M";Sergi Roberto;Como;12;6;5,92;0;0;0;0;0;0;1;4;0;0;2;0.3157894736842105;0.0;0.08333333333333333;0.0;-0.16666666666666666;0.0;0.0
6874;D;Dc;Palacios T.;Monza;6;5,25;5,08;0;0;0;0;0;0;0;2;0;0;2;0.15789473684210525;0.0;0.0;0.0;-0.16666666666666666;0.0;0.0
5856;D;"Dd;E";Sambia;Empoli;7;5,86;5,86;0;0;0;0;0;0;0;0;0;0;2;0.18421052631578946;0.0;0.0;0.0;-0.0;0.0;0.0
6496;D;"Ds;E";Bartesaghi;Milan;3;5,33;5;0;0;0;0;0;0;0;0;1;0;2;0.07894736842105263;0.0;0.0;0.0;-1.0;0.0;0.0
6965;D;"Ds;E";Lovik;Parma;4;5,75;5,75;0;0;0;0;0;0;0;0;0;0;2;0.10526315789473684;0.0;0.0;0.0;-0.0;0.0;0.0
6977;D;Dc;Otoa;Genoa;3;5,17;4,67;0;0;0;0;0;0;0;1;1;0;2;0.07894736842105263;0.0;0.0;0.0;-1.1666666666666667;0.0;0.0
6978;D;Dc;Lekovic;Monza;6;4,75;4,42;0;0;0;0;0;0;0;0;0;1;2;0.15789473684210525;0.0;0.0;0.0;-0.0;0.16666666666666666;0.0
6993;D;Dc;Brorsson;Monza;4;5,38;5,38;0;0;0;0;0;0;0;0;0;0;2;0.10526315789473684;0.0;0.0;0.0;-0.0;0.0;0.0
5526;D;Dc;Scalvini;Atalanta;4;5,5;5,25;0;0;0;0;0;0;0;2;0;0;1;0.10526315789473684;0.0;0.0;0.0;-0.25;0.0;0.0
6654;D;"Dd;E";Iovine;Como;7;5,64;5,5;0;0;0;0;0;0;0;2;0;0;1;0.18421052631578946;0.0;0.0;0.0;-0.14285714285714285;0.0;0.0
4386;D;"Ds;E";Sala M.;Lecce;6;5,67;5,5;0;0;0;0;0;0;0;3;0;0;1;0.15789473684210525;0.0;0.0;0.0;-0.25;0.0;0.0
327;D;"Dd;Dc";Patric;Lazio;8;5,62;5,88;1;0;0;0;0;0;0;2;0;0;1;0.21052631578947367;0.125;0.0;0.0;-0.125;0.0;0.0
5812;D;"Dd;E";Terracciano F.;Milan;7;5,71;5,57;0;0;0;0;0;0;0;3;0;0;1;0.18421052631578946;0.0;0.0;0.0;-0.21428571428571427;0.0;0.0
253;D;"B;Dd;Ds";D'Ambrosio;Monza;17;5,59;5,47;0;0;0;0;0;0;0;2;1;0;1;0.4473684210526316;0.0;0.0;0.0;-0.23529411764705882;0.0;0.0
5481;D;E;Mazzocchi;Napoli;10;5,7;5,65;0;0;0;0;0;0;0;2;0;0;1;0.2631578947368421;0.0;0.0;0.0;-0.1;0.0;0.0
5327;D;Dc;Osorio;Parma;3;5,17;5,17;0;0;0;0;0;0;0;0;0;0;1;0.07894736842105263;0.0;0.0;0.0;-0.0;0.0;0.0
581;D;"Dd;E";Faraoni;Verona;6;5,67;5,67;0;0;0;0;0;0;0;0;0;0;1;0.15789473684210525;0.0;0.0;0.0;-0.0;0.0;0.0
6681;D;"Dd;E";Sagrado;Venezia;3;5,5;5,33;0;0;0;0;0;0;0;1;0;0;1;0.07894736842105263;0.0;0.0;0.0;-0.16666666666666666;0.0;0.0
6803;D;"Ds;E";Rouhi;Juventus;4;5,62;5,62;0;0;0;0;0;0;0;0;0;0;1;0.10526315789473684;0.0;0.0;0.0;-0.0;0.0;0.0
6885;D;"Dd;E";Abdulhamid;Roma;4;5,75;6;0;0;0;0;0;0;1;0;0;0;1;0.10526315789473684;0.0;0.25;0.0;-0.0;0.0;0.0
6149;D;"Ds;E";Carboni F.;Venezia;5;5,9;5,7;0;0;0;0;0;0;0;2;0;0;1;0.13157894736842105;0.0;0.0;0.0;-0.2;0.0;0.0
6890;D;Dc;Moreno M.;Fiorentina;3;5,67;5,67;0;0;0;0;0;0;0;0;0;0;1;0.07894736842105263;0.0;0.0;0.0;-0.0;0.0;0.0
5554;D;"Dd;Dc";Daniliuc;Verona;14;5,39;5,39;0;0;0;0;0;0;0;0;0;0;1;0.3684210526315789;0.0;0.0;0.0;-0.0;0.0;0.0
5900;D;Dc;Toure' I.s.;Udinese;11;5,59;5,41;1;0;0;0;0;0;0;2;2;1;1;0.2894736842105263;0.09090909090909091;0.0;0.0;-0.6363636363636364;0.09090909090909091;0.0
6992;D;"B;Dd;E";Oyegoke;Verona;3;5,83;5,67;0;0;0;0;0;0;0;1;0;0;1;0.07894736842105263;0.0;0.0;0.0;-0.16666666666666666;0.0;0.0
2167;C;W;Orsolini;Bologna;29;6,53;8,19;15;0;0;3;3;0;4;2;0;0;36;0.7631578947368421;0.5172413793103449;0.13793103448275862;0.0;-0.034482758620689655;0.0;10.5
4777;C;"M;C";McTominay;Napoli;34;6,56;7,66;12;0;0;0;0;0;3;3;0;0;30;0.8947368421052632;0.35294117647058826;0.08823529411764706;0.0;-0.04411764705882353;0.0;0.0
2423;C;"T;A";Pulisic;Milan;34;6,38;7,49;11;0;0;4;3;1;8;1;0;0;28;0.8947368421052632;0.3235294117647059;0.23529411764705882;0.0;-0.014705882352941176;0.0;7.5
5564;C;W;Ndoye;Bologna;29;6,47;7,36;8;0;0;2;2;0;4;4;0;0;26;0.7631578947368421;0.27586206896551724;0.13793103448275862;0.0;-0.06896551724137931;0.0;7.5
6224;C;C;Reijnders;Milan;37;6,31;7,18;10;0;0;0;0;0;4;2;1;0;25;0.9736842105263158;0.2702702702702703;0.10810810810810811;0.0;-0.10810810810810811;0.0;0.0
632;C;"W;A";Zaccagni;Lazio;34;6,28;7,01;8;0;0;2;2;0;6;10;0;0;23;0.8947368421052632;0.23529411764705882;0.17647058823529413;0.0;-0.14705882352941177;0.0;7.5
4892;C;W;Saelemaekers;Roma;22;6,39;7,36;7;0;0;0;0;0;3;5;0;0;22;0.5789473684210527;0.3181818181818182;0.13636363636363635;0.0;-0.11363636363636363;0.0;0.0
4220;C;"M;C";Zambo Anguissa;Napoli;35;6,41;6,97;6;0;0;0;0;0;4;5;0;0;22;0.9210526315789473;0.17142857142857143;0.11428571428571428;0.0;-0.07142857142857142;0.0;0.0
6875;C;"T;A";Paz N.;Como;33;6,38;6,95;6;0;0;1;0;1;7;6;0;0;22;0.868421052631579;0.18181818181818182;0.21212121212121213;0.0;-0.09090909090909091;0.0;-1.5
4486;C;W;Strefezza;Como;37;6,27;6,8;6;0;0;0;0;0;4;5;0;0;21;0.9736842105263158;0.16216216216216217;0.10810810810810811;0.0;-0.06756756756756757;0.0;0.0
2194;C;"M;C";Calhanoglu;Inter;28;6,34;6,89;5;0;0;4;3;1;6;5;0;0;20;0.7368421052631579;0.17857142857142858;0.21428571428571427;0.0;-0.08928571428571429;0.0;7.5
1870;C;C;Barella;Inter;33;6,26;6,65;3;0;0;0;0;0;6;4;0;0;19;0.868421052631579;0.09090909090909091;0.18181818181818182;0.0;-0.06060606060606061;0.0;0.0
5562;C;"M;C";Thuram K.;Juventus;33;6,3;6,74;4;0;0;0;0;0;5;5;0;0;19;0.868421052631579;0.12121212121212122;0.15151515151515152;0.0;-0.07575757575757576;0.0;0.0
4662;C;W;Weah;Juventus;26;6,13;6,69;5;0;0;0;0;0;1;4;0;0;18;0.6842105263157895;0.19230769230769232;0.038461538461538464;0.0;-0.07692307692307693;0.0;0.0
1933;C;"M;C";Mandragora;Fiorentina;27;6,19;6,67;4;0;0;1;1;0;4;7;0;0;17;0.7105263157894737;0.14814814814814814;0.14814814814814814;0.0;-0.12962962962962962;0.0;4.5
4349;C;"M;C";Nicolussi Caviglia;Venezia;35;6,2;6,53;4;0;0;0;0;0;3;5;1;0;17;0.9210526315789473;0.11428571428571428;0.08571428571428572;0.0;-0.15714285714285714;0.0;0.0
5687;C;T;Vlasic;Torino;30;6,07;6,67;5;0;0;2;2;0;3;0;0;0;17;0.7894736842105263;0.16666666666666666;0.1;0.0;-0.0;0.0;7.5
6831;C;"W;A";Neres;Napoli;25;6,32;6,72;2;0;0;0;0;0;5;2;0;0;17;0.6578947368421053;0.08;0.2;0.0;-0.04;0.0;0.0
22;C;"M;C";De Roon;Atalanta;36;6,15;6,53;4;0;0;0;0;0;4;5;0;0;16;0.9473684210526315;0.1111111111111111;0.1111111111111111;0.0;-0.06944444444444445;0.0;0.0
5792;C;"M;C";Ederson D.s.;Atalanta;36;6,17;6,49;4;0;0;0;0;0;2;3;1;0;16;0.9473684210526315;0.1111111111111111;0.05555555555555555;0.0;-0.125;0.0;0.0
6010;C;"C;T";Fazzini;Empoli;20;6,42;6,98;4;0;0;0;0;0;1;2;1;0;16;0.5263157894736842;0.2;0.05;0.0;-0.2;0.0;0.0
5875;C;"M;C";Adli;Fiorentina;22;6,2;6,95;4;0;0;0;0;0;6;1;1;0;16;0.5789473684210527;0.18181818181818182;0.2727272727272727;0.0;-0.1590909090909091;0.0;0.0
2848;C;"C;T";Frattesi;Inter;23;6,02;6,72;5;0;0;0;0;0;1;1;0;0;15;0.6052631578947368;0.21739130434782608;0.043478260869565216;0.0;-0.021739130434782608;0.0;0.0
536;C;W;Politano;Napoli;37;6,11;6,42;3;0;0;0;0;0;4;3;0;0;15;0.9736842105263158;0.08108108108108109;0.10810810810810811;0.0;-0.04054054054054054;0.0;0.0
5393;C;"W;A";Man;Parma;32;5,95;6,45;4;0;0;0;0;0;4;0;0;0;15;0.8421052631578947;0.125;0.125;0.0;-0.0;0.0;0.0
779;C;"M;C";Cristante;Roma;28;6,2;6,59;4;0;0;0;0;0;3;8;0;0;15;0.7368421052631579;0.14285714285714285;0.10714285714285714;0.0;-0.14285714285714285;0.0;0.0
795;C;W;El Shaarawy;Roma;21;6,19;6,71;3;0;0;0;0;0;3;2;0;0;15;0.5526315789473685;0.14285714285714285;0.14285714285714285;0.0;-0.047619047619047616;0.0;0.0
6218;C;"W;T;A";Oristanio;Venezia;37;6,05;6,34;3;0;0;0;0;0;3;3;0;0;15;0.9736842105263158;0.08108108108108109;0.08108108108108109;0.0;-0.04054054054054054;0.0;0.0
4947;C;"M;C";Brescianini;Atalanta;23;6,13;6,72;4;0;0;0;0;0;2;1;0;0;15;0.6052631578947368;0.17391304347826086;0.08695652173913043;0.0;-0.021739130434782608;0.0;0.0
5589;C;"M;C";Kone' M.;Roma;33;6,26;6,38;2;0;0;0;0;0;1;6;0;0;15;0.868421052631579;0.06060606060606061;0.030303030303030304;0.0;-0.09090909090909091;0.0;0.0
6967;C;"W;A";Diao;Como;14;6,5;7,93;7;0;0;0;0;0;0;2;0;0;15;0.3684210526315789;0.5;0.0;0.0;-0.07142857142857142;0.0;0.0
5685;C;T;Koopmeiners;Juventus;28;5,98;6,39;3;0;0;0;0;0;4;3;0;0;14;0.7368421052631579;0.10714285714285714;0.14285714285714285;0.0;-0.05357142857142857;0.0;0.0
5559;C;"W;T";Da Cunha;Como;35;6,1;6,36;3;0;0;0;0;0;2;4;0;0;14;0.9210526315789473;0.08571428571428572;0.05714285714285714;0.0;-0.05714285714285714;0.0;0.0
6884;C;"W;A";Conceicao;Juventus;25;6,12;6,5;3;0;0;0;0;0;3;3;1;0;14;0.6578947368421053;0.12;0.12;0.0;-0.18;0.0;0.0
788;C;"M;C";Freuler;Bologna;37;6,19;6,22;1;0;0;0;0;0;1;6;0;0;13;0.9736842105263158;0.02702702702702703;0.02702702702702703;0.0;-0.08108108108108109;0.0;0.0
4965;C;"M;C";Marin;Cagliari;27;6,07;6,41;3;0;0;2;2;0;2;4;0;0;13;0.7105263157894737;0.1111111111111111;0.07407407407407407;0.0;-0.07407407407407407;0.0;7.5
827;C;"M;C";Locatelli;Juventus;35;6,19;6,26;2;0;0;1;1;0;1;9;0;0;13;0.9210526315789473;0.05714285714285714;0.02857142857142857;0.0;-0.12857142857142856;0.0;4.5
4896;C;"T;A";Maldini;Atalanta;27;6,02;6,59;6;0;0;0;0;0;0;5;0;0;13;0.7105263157894737;0.2222222222222222;0.0;0.0;-0.09259259259259259;0.0;0.0
4423;C;C;Hernani;Parma;25;6,08;6,42;3;0;0;3;3;0;3;7;0;0;13;0.6578947368421053;0.12;0.12;0.0;-0.14;0.0;10.5
5319;C;C;Sohm;Parma;37;6,03;6,26;4;0;0;0;0;0;0;7;0;0;13;0.9736842105263158;0.10810810810810811;0.0;0.0;-0.0945945945945946;0.0;0.0
6020;C;"C;W";Ellertsson;Venezia;35;6,01;6,21;2;0;0;0;0;0;2;2;0;0;13;0.9210526315789473;0.05714285714285714;0.05714285714285714;0.0;-0.02857142857142857;0.0;0.0
6889;C;"W;T";Anjorin;Empoli;22;6,3;6,64;2;0;0;0;0;0;3;3;0;0;13;0.5789473684210527;0.09090909090909091;0.13636363636363635;0.0;-0.06818181818181818;0.0;0.0
5036;C;C;Caqueret;Como;16;6,34;6,78;2;0;0;0;0;0;3;4;0;0;13;0.42105263157894735;0.125;0.1875;0.0;-0.125;0.0;0.0
4479;C;"W;T";Elmas;Torino;13;6,12;7,04;4;0;0;0;0;0;0;0;0;0;13;0.34210526315789475;0.3076923076923077;0.0;0.0;-0.0;0.0;0.0
6206;C;"C;T";Fabbian;Bologna;22;6,09;6,48;3;0;0;0;0;0;0;2;0;0;12;0.5789473684210527;0.13636363636363635;0.0;0.0;-0.045454545454545456;0.0;0.0
5858;C;"C;T";Ferguson;Bologna;14;6,11;6,39;1;0;0;1;1;0;1;0;0;0;12;0.3684210526315789;0.07142857142857142;0.07142857142857142;0.0;-0.0;0.0;4.5
2529;C;C;Mkhitaryan;Inter;32;6,06;6,25;1;0;0;0;0;0;5;4;0;0;12;0.8421052631578947;0.03125;0.15625;0.0;-0.0625;0.0;0.0
4973;C;"M;C";McKennie;Juventus;31;5,94;6,18;2;0;0;0;0;0;3;3;0;0;12;0.8157894736842105;0.06451612903225806;0.0967741935483871;0.0;-0.04838709677419355;0.0;0.0
333;C;"M;C";Cataldi;Fiorentina;24;6,04;6,4;3;0;0;0;0;0;0;1;0;0;12;0.631578947368421;0.125;0.0;0.0;-0.020833333333333332;0.0;0.0
6629;C;"C;T";Dele-Bashiru;Lazio;17;6,06;6,65;3;0;0;0;0;0;1;0;0;0;12;0.4473684210526316;0.17647058823529413;0.058823529411764705;0.0;-0.0;0.0;0.0
4856;C;"W;A";Chukwueze;Milan;16;6,09;6,78;3;0;0;0;0;0;2;0;0;0;12;0.42105263157894735;0.1875;0.125;0.0;-0.0;0.0;0.0
4364;C;T;Gaetano;Cagliari;27;6,04;6,41;2;0;0;0;0;0;4;0;0;0;12;0.7105263157894737;0.07407407407407407;0.14814814814814814;0.0;-0.0;0.0;0.0
468;C;"M;C";Paredes;Roma;20;6,28;6,68;3;0;0;2;2;0;1;4;0;0;12;0.5263157894736842;0.15;0.05;0.0;-0.1;0.0;7.5
6684;C;"C;T";Ekkelenkamp;Udinese;33;5,97;6,27;3;0;0;0;0;0;2;2;0;0;12;0.868421052631579;0.09090909090909091;0.06060606060606061;0.0;-0.030303030303030304;0.0;0.0
4686;C;"M;C";Fofana Y.;Milan;34;6,03;6,22;1;0;0;0;0;0;6;5;0;0;12;0.8947368421052632;0.029411764705882353;0.17647058823529413;0.0;-0.07352941176470588;0.0;0.0
6984;C;"W;A";Ondrejka;Parma;10;6,35;7,85;5;0;0;0;0;0;0;0;0;0;12;0.2631578947368421;0.5;0.0;0.0;-0.0;0.0;0.0
2077;C;"C;T";Pasalic;Atalanta;33;5,91;6,14;3;0;0;1;0;1;2;1;0;0;11;0.868421052631579;0.09090909090909091;0.06060606060606061;0.0;-0.015151515151515152;0.0;-1.5
5878;C;T;Colpani;Fiorentina;24;5,81;6,04;2;0;0;0;0;0;0;1;0;0;11;0.631578947368421;0.08333333333333333;0.0;0.0;-0.020833333333333332;0.0;0.0
5813;C;"C;T";Miretti;Genoa;25;5,98;6,42;3;0;0;0;0;0;3;2;0;0;11;0.6578947368421053;0.12;0.12;0.0;-0.04;0.0;0.0
181;C;"M;C";Vecino;Lazio;18;6,14;6,44;2;0;0;0;0;0;3;7;0;0;11;0.47368421052631576;0.1111111111111111;0.16666666666666666;0.0;-0.19444444444444445;0.0;0.0
4186;C;C;Guendouzi;Lazio;37;6,04;6,07;1;0;0;0;0;0;2;8;0;0;11;0.9736842105263158;0.02702702702702703;0.05405405405405406;0.0;-0.10810810810810811;0.0;0.0
530;C;"C;T";Pellegrini Lo.;Roma;25;5,68;5,88;2;0;0;1;1;0;1;4;0;0;11;0.6578947368421053;0.08;0.04;0.0;-0.08;0.0;4.5
6170;C;C;Gineitis;Torino;28;5,95;6,21;3;0;0;0;0;0;1;5;0;0;11;0.7368421052631579;0.10714285714285714;0.03571428571428571;0.0;-0.08928571428571429;0.0;0.0
5119;C;T;Samardzic;Atalanta;28;6,09;6,25;2;0;0;0;0;0;0;3;0;0;11;0.7368421052631579;0.07142857142857142;0.0;0.0;-0.05357142857142857;0.0;0.0
5998;C;"E;W";Zerbin;Venezia;18;6;6,11;1;0;0;0;0;0;1;4;0;0;11;0.47368421052631576;0.05555555555555555;0.05555555555555555;0.0;-0.1111111111111111;0.0;0.0
5888;C;"C;T";Casadei;Torino;15;6,03;6,27;1;0;0;0;0;0;1;1;0;0;11;0.39473684210526316;0.06666666666666667;0.06666666666666667;0.0;-0.03333333333333333;0.0;0.0
4658;C;W;Ikone';Como;23;5,96;6,2;2;0;0;0;0;0;0;1;0;0;10;0.6052631578947368;0.08695652173913043;0.0;0.0;-0.021739130434782608;0.0;0.0
5791;C;"E;M";Frendrup;Genoa;35;6;6,04;2;0;0;0;0;0;0;5;0;1;10;0.9210526315789473;0.05714285714285714;0.0;0.0;-0.07142857142857142;0.02857142857142857;0.0
5719;C;"M;C";Asllani;Inter;16;6,16;6,56;2;0;0;2;2;0;2;3;0;0;10;0.42105263157894735;0.125;0.125;0.0;-0.09375;0.0;7.5
4911;C;C;Douglas Luiz;Juventus;15;5,87;5,8;0;0;0;0;0;0;0;2;0;0;10;0.39473684210526316;0.0;0.0;0.0;-0.06666666666666667;0.0;0.0
6634;C;W;Tete Morente;Lecce;30;5,87;6,15;3;0;0;0;0;0;2;5;0;0;10;0.7894736842105263;0.1;0.06666666666666667;0.0;-0.08333333333333333;0.0;0.0
5298;C;"M;C";Pobega;Bologna;20;6,05;6,25;2;0;0;0;0;0;2;4;2;0;10;0.5263157894736842;0.1;0.1;0.0;-0.4;0.0;0.0
6666;C;"C;T";Bernabe';Parma;19;6,29;6,47;1;0;0;0;0;0;1;1;0;0;10;0.5;0.05263157894736842;0.05263157894736842;0.0;-0.02631578947368421;0.0;0.0
5850;C;C;Lovric;Udinese;35;5,96;6,11;2;0;0;0;0;0;2;5;0;0;10;0.9210526315789473;0.05714285714285714;0.05714285714285714;0.0;-0.07142857142857142;0.0;0.0
5504;C;"M;C";Coulibaly L.;Lecce;37;5,96;6;1;0;0;0;0;0;0;3;0;0;10;0.9736842105263158;0.02702702702702703;0.0;0.0;-0.04054054054054054;0.0;0.0
6024;C;"M;C";Sulemana I.;Atalanta;6;6,17;7,08;2;0;0;0;0;0;0;1;0;0;9;0.15789473684210525;0.3333333333333333;0.0;0.0;-0.08333333333333333;0.0;0.0
4870;C;"M;C";Adopo;Cagliari;34;5,87;5,91;1;0;0;0;0;0;1;3;1;0;9;0.8947368421052632;0.029411764705882353;0.029411764705882353;0.0;-0.1323529411764706;0.0;0.0
440;C;"C;T";Viola;Cagliari;25;5,94;6,3;3;0;0;0;0;0;1;2;0;0;9;0.6578947368421053;0.12;0.04;0.0;-0.04;0.0;0.0
152;C;"C;T";Zielinski;Inter;20;5,98;6,32;2;0;0;2;2;0;1;0;0;0;9;0.5263157894736842;0.1;0.05;0.0;-0.0;0.0;7.5
4459;C;"M;C";Rovella;Lazio;33;6,11;6;0;0;0;0;0;0;3;13;0;0;9;0.868421052631579;0.0;0.09090909090909091;0.0;-0.19696969696969696;0.0;0.0
4199;C;"C;T";Loftus-Cheek;Milan;18;5,86;5,78;0;0;0;0;0;0;0;3;0;0;9;0.47368421052631576;0.0;0.0;0.0;-0.08333333333333333;0.0;0.0
4287;C;"M;C";Lobotka;Napoli;31;6,05;6,03;0;0;0;0;0;0;1;3;0;0;9;0.8157894736842105;0.0;0.03225806451612903;0.0;-0.04838709677419355;0.0;0.0
5453;C;"M;C";Ricci S.;Torino;34;6,06;6,03;1;0;0;0;0;0;1;8;1;0;9;0.8947368421052632;0.029411764705882353;0.029411764705882353;0.0;-0.20588235294117646;0.0;0.0
5507;C;C;Busio;Venezia;31;5,9;6,03;2;0;0;0;0;0;0;4;0;0;9;0.8157894736842105;0.06451612903225806;0.0;0.0;-0.06451612903225806;0.0;0.0
236;C;W;Lazovic;Verona;24;5,94;6,31;2;0;0;1;1;0;3;0;0;0;9;0.631578947368421;0.08333333333333333;0.125;0.0;-0.0;0.0;4.5
6815;C;"W;A";Fadera;Como;24;6;6,19;1;0;0;0;0;0;3;1;1;0;9;0.631578947368421;0.041666666666666664;0.125;0.0;-0.14583333333333334;0.0;0.0
6994;C;"C;T";Perez K.;Venezia;16;6,03;6,16;1;0;0;0;0;0;1;4;0;0;9;0.42105263157894735;0.0625;0.0625;0.0;-0.125;0.0;0.0
1871;C;"M;C";Deiola;Cagliari;25;5,98;6,14;2;0;0;0;0;0;1;6;0;0;8;0.6578947368421053;0.08;0.04;0.0;-0.12;0.0;0.0
4498;C;"C;T";Henderson L.;Empoli;34;5,91;5,88;0;0;0;0;0;0;4;10;0;0;8;0.8947368421052632;0.0;0.11764705882352941;0.0;-0.14705882352941177;0.0;0.0
4992;C;W;Gyasi;Empoli;37;5,84;5,91;2;0;0;0;0;0;1;5;0;1;8;0.9736842105263158;0.05405405405405406;0.02702702702702703;0.0;-0.06756756756756757;0.02702702702702703;0.0
5516;C;"M;C";Bianco;Monza;35;5,91;5,87;1;0;0;0;0;0;0;9;0;0;8;0.9210526315789473;0.02857142857142857;0.0;0.0;-0.12857142857142856;0.0;0.0
4465;C;"C;T";Fagioli;Fiorentina;24;5,92;6,04;1;0;0;0;0;0;2;4;0;0;8;0.631578947368421;0.041666666666666664;0.08333333333333333;0.0;-0.08333333333333333;0.0;0.0
4342;C;"M;C";Duda;Verona;28;5,98;5,95;1;0;0;0;0;0;3;10;2;0;8;0.7368421052631579;0.03571428571428571;0.10714285714285714;0.0;-0.39285714285714285;0.0;0.0
6190;C;C;Pisilli;Roma;24;5,98;6,12;2;0;0;0;0;0;1;7;0;0;8;0.631578947368421;0.08333333333333333;0.041666666666666664;0.0;-0.14583333333333334;0.0;0.0
5872;C;"C;T";Helgason;Lecce;17;6,03;6,26;0;0;0;0;0;0;4;0;0;0;8;0.4473684210526316;0.0;0.23529411764705882;0.0;-0.0;0.0;0.0
6904;C;"W;T";Yeboah J.;Venezia;28;5,91;5,98;1;0;0;0;0;0;2;6;0;0;8;0.7368421052631579;0.03571428571428571;0.07142857142857142;0.0;-0.10714285714285714;0.0;0.0
5131;C;"M;C";Gilmour;Napoli;17;6;6,06;0;0;0;0;0;0;1;0;0;0;8;0.4473684210526316;0.0;0.058823529411764705;0.0;-0.0;0.0;0.0
6917;C;C;Masini;Genoa;18;6,06;6,17;1;0;0;0;0;0;0;2;0;0;8;0.47368421052631576;0.05555555555555555;0.0;0.0;-0.05555555555555555;0.0;0.0
2766;C;"T;A";Zaniolo;Fiorentina;18;6,03;6,22;2;0;0;0;0;0;1;6;1;0;7;0.47368421052631576;0.1111111111111111;0.05555555555555555;0.0;-0.3333333333333333;0.0;0.0
2839;C;W;Sottil;Milan;21;5,95;6,12;1;0;0;0;0;0;1;1;0;0;7;0.5526315789473685;0.047619047619047616;0.047619047619047616;0.0;-0.023809523809523808;0.0;0.0
4970;C;"C;W";Messias;Genoa;16;6;6,03;1;0;0;1;0;1;1;1;0;0;7;0.42105263157894735;0.0625;0.0625;0.0;-0.03125;0.0;-1.5
6394;C;"M;C";Ramadani;Lecce;27;5,85;5,94;1;0;0;0;0;0;1;3;0;0;7;0.7105263157894737;0.037037037037037035;0.037037037037037035;0.0;-0.05555555555555555;0.0;0.0
5880;C;"E;W";Ciurria;Monza;17;5,79;6;1;0;0;0;0;0;1;1;0;0;7;0.4473684210526316;0.058823529411764705;0.058823529411764705;0.0;-0.029411764705882353;0.0;0.0
5423;C;"M;C";Bove;Fiorentina;12;6,29;6,58;1;0;0;0;0;0;2;3;0;0;7;0.3157894736842105;0.08333333333333333;0.16666666666666666;0.0;-0.125;0.0;0.0
5422;C;W;Zalewski;Inter;19;6,03;6,21;1;0;0;0;0;0;2;3;0;0;7;0.5;0.05263157894736842;0.10526315789473684;0.0;-0.07894736842105263;0.0;0.0
5823;C;"T;A";Baldanzi;Roma;21;6;6,14;1;0;0;0;0;0;1;2;0;0;7;0.5526315789473685;0.047619047619047616;0.047619047619047616;0.0;-0.047619047619047616;0.0;0.0
6683;C;"M;C";Doumbia I.;Venezia;19;5,95;5,95;0;0;0;0;0;0;0;0;0;0;7;0.5;0.0;0.0;0.0;-0.0;0.0;0.0
6821;C;"E;C";Hainaut;Parma;22;5,86;6,07;2;0;0;0;0;0;0;3;0;0;7;0.5789473684210527;0.09090909090909091;0.0;0.0;-0.06818181818181818;0.0;0.0
6015;C;"C;T";Berisha M.;Lecce;14;6,07;5,96;0;0;0;0;0;0;1;5;0;0;7;0.3684210526315789;0.0;0.07142857142857142;0.0;-0.17857142857142858;0.0;0.0
6151;C;"M;C";Perrone;Como;25;5,94;5,94;0;0;0;0;0;0;3;6;0;0;7;0.6578947368421053;0.0;0.12;0.0;-0.12;0.0;0.0
6908;C;"M;C";Atta;Udinese;23;6;5,89;0;0;0;0;0;0;0;5;0;0;7;0.6052631578947368;0.0;0.0;0.0;-0.10869565217391304;0.0;0.0
4677;C;"W;A";Cornet;Genoa;6;6,08;7,25;2;0;0;0;0;0;1;0;0;0;7;0.15789473684210525;0.3333333333333333;0.16666666666666666;0.0;-0.0;0.0;0.0
6761;C;"M;C";Veiga R.;Juventus;13;6,08;6;0;0;0;0;0;0;0;2;0;0;7;0.34210526315789475;0.0;0.0;0.0;-0.07692307692307693;0.0;0.0
6459;C;"W;A";Karlsson;Lecce;17;5,82;6,09;2;0;0;1;1;0;0;3;0;0;6;0.4473684210526316;0.11764705882352941;0.0;0.0;-0.08823529411764706;0.0;4.5
6232;C;"M;C";Makoumbou;Cagliari;32;5,73;5,77;0;0;0;0;0;0;3;2;1;0;6;0.8421052631578947;0.0;0.09375;0.0;-0.125;0.0;0.0
27;C;"M;C";Grassi;Empoli;28;5,91;5,84;1;0;0;0;0;0;0;8;1;0;6;0.7368421052631579;0.03571428571428571;0.0;0.0;-0.25;0.0;0.0
170;C;"M;C";Badelj;Genoa;22;5,98;6,05;1;0;0;0;0;0;0;3;0;0;6;0.5789473684210527;0.045454545454545456;0.0;0.0;-0.06818181818181818;0.0;0.0
4427;C;"C;T";Malinovskyi;Genoa;9;6,33;6,44;0;0;0;0;0;0;2;2;0;0;6;0.23684210526315788;0.0;0.2222222222222222;0.0;-0.1111111111111111;0.0;0.0
4377;C;"C;T";Castrovilli;Monza;14;5,89;5,89;0;0;0;0;0;0;0;0;0;0;6;0.3684210526315789;0.0;0.0;0.0;-0.0;0.0;0.0
6481;C;C;Payero;Udinese;25;5,9;5,96;1;0;0;0;0;0;1;5;0;0;6;0.6578947368421053;0.04;0.04;0.0;-0.1;0.0;0.0
6458;C;"M;C";Serdar;Verona;21;5,79;6,02;2;0;0;0;0;0;1;2;1;0;6;0.5526315789473685;0.09523809523809523;0.047619047619047616;0.0;-0.19047619047619047;0.0;0.0
6486;C;"W;T";Suslov;Verona;31;5,84;5,76;0;0;0;0;0;0;1;5;1;0;6;0.8157894736842105;0.0;0.03225806451612903;0.0;-0.1774193548387097;0.0;0.0
6680;C;"M;C";Karlstrom;Udinese;37;5,85;5,78;0;0;0;0;0;0;2;9;0;0;6;0.9736842105263158;0.0;0.05405405405405406;0.0;-0.12162162162162163;0.0;0.0
6804;C;"M;C";Richardson;Fiorentina;25;5,78;5,84;1;0;0;0;0;0;1;5;0;0;6;0.6578947368421053;0.04;0.04;0.0;-0.1;0.0;0.0
6900;C;"E;W";Rui Modesto;Udinese;13;5,96;6,04;0;0;0;0;0;0;1;1;0;0;6;0.34210526315789475;0.0;0.07692307692307693;0.0;-0.038461538461538464;0.0;0.0
6640;C;"E;W";Felici;Cagliari;18;5,83;5,97;0;0;0;0;0;0;3;1;0;0;5;0.47368421052631576;0.0;0.16666666666666666;0.0;-0.027777777777777776;0.0;0.0
6633;C;"M;C";Pierret;Lecce;30;5,75;5,72;0;0;0;0;0;0;0;2;0;0;5;0.7894736842105263;0.0;0.0;0.0;-0.03333333333333333;0.0;0.0
6212;C;"M;C";Zarraga;Udinese;18;5,78;5,94;1;0;0;0;0;0;0;0;0;0;5;0.47368421052631576;0.05555555555555555;0.0;0.0;-0.0;0.0;0.0
2117;C;"C;T";Kastanos;Verona;22;5,89;5,95;1;0;0;0;0;0;0;4;0;0;5;0.5789473684210527;0.045454545454545456;0.0;0.0;-0.09090909090909091;0.0;0.0
6676;C;"M;C";Engelhardt;Como;16;5,81;5,97;1;0;0;0;0;0;1;3;0;0;5;0.42105263157894735;0.0625;0.0625;0.0;-0.09375;0.0;0.0
1978;C;"C;T";Sensi;Monza;7;5,93;6,36;1;0;0;1;1;0;0;0;0;0;5;0.18421052631578946;0.14285714285714285;0.0;0.0;-0.0;0.0;4.5
6898;C;"M;C";Keita M.;Parma;28;5,73;5,66;0;0;0;0;0;0;1;4;1;0;5;0.7368421052631579;0.0;0.03571428571428571;0.0;-0.17857142857142858;0.0;0.0
6980;C;W;Venturino;Genoa;3;6,83;8,83;2;0;0;0;0;0;0;0;0;0;5;0.07894736842105263;0.6666666666666666;0.0;0.0;-0.0;0.0;0.0
7028;C;"M;C";Bernede;Verona;12;5,79;5,96;1;0;0;0;0;0;0;2;0;0;5;0.3157894736842105;0.08333333333333333;0.0;0.0;-0.08333333333333333;0.0;0.0
6054;C;"M;C";Moro N.;Bologna;16;6;6,03;0;0;0;0;0;0;1;1;0;0;4;0.42105263157894735;0.0;0.0625;0.0;-0.03125;0.0;0.0
5425;C;"C;W;T";Urbanski;Monza;12;5,88;6;1;0;0;0;0;0;0;3;0;0;4;0.3157894736842105;0.08333333333333333;0.0;0.0;-0.125;0.0;0.0
5286;C;"M;C";Akpa Akpro;Monza;14;5,57;5,43;0;0;0;0;0;0;0;4;0;0;4;0.3684210526315789;0.0;0.0;0.0;-0.14285714285714285;0.0;0.0
6410;C;"M;C";Kaba;Lecce;12;5,88;5,83;0;0;0;0;0;0;0;1;0;0;4;0.3157894736842105;0.0;0.0;0.0;-0.041666666666666664;0.0;0.0
5295;C;"C;W";Musah;Milan;26;5,69;5,67;0;0;0;0;0;0;2;5;0;0;4;0.6842105263157895;0.0;0.07692307692307693;0.0;-0.09615384615384616;0.0;0.0
6252;C;"C;T";Folorunsho;Fiorentina;13;5,96;5,77;0;0;0;0;0;0;0;5;0;0;4;0.34210526315789475;0.0;0.0;0.0;-0.19230769230769232;0.0;0.0
2008;C;"M;C";Linetty;Torino;22;5,77;5,77;1;0;0;0;0;0;0;6;0;0;4;0.5789473684210527;0.045454545454545456;0.0;0.0;-0.13636363636363635;0.0;0.0
5007;C;C;Ilic;Torino;16;5,91;5,97;1;0;0;0;0;0;0;4;0;0;4;0.42105263157894735;0.0625;0.0;0.0;-0.125;0.0;0.0
5688;C;"W;T";Harroui;Verona;10;5,95;6,4;1;0;0;0;0;0;2;1;0;0;4;0.2631578947368421;0.1;0.2;0.0;-0.05;0.0;0.0
6969;C;"C;T";Billing;Napoli;6;5,92;6,33;1;0;0;0;0;0;0;1;0;0;4;0.15789473684210525;0.16666666666666666;0.0;0.0;-0.08333333333333333;0.0;0.0
6538;C;"M;C";Onana J.;Genoa;7;5,86;5,79;0;0;0;0;0;0;0;1;0;0;4;0.18421052631578946;0.0;0.0;0.0;-0.07142857142857142;0.0;0.0
6424;C;"M;C";Prati;Cagliari;10;5,85;5,8;0;0;0;0;0;0;0;1;0;0;3;0.2631578947368421;0.0;0.0;0.0;-0.05;0.0;0.0
4404;C;C;Thorsby;Genoa;27;5,78;5,65;0;0;0;0;0;0;1;5;0;1;3;0.7105263157894737;0.0;0.037037037037037035;0.0;-0.09259259259259259;0.037037037037037035;0.0
5919;C;W;Tchaouna;Lazio;20;5,72;5,78;1;0;0;0;0;0;0;2;1;0;3;0.5263157894736842;0.05;0.0;0.0;-0.2;0.0;0.0
5457;C;C;Maleh;Empoli;22;5,82;5,75;0;0;0;0;0;0;1;3;1;0;3;0.5789473684210527;0.0;0.045454545454545456;0.0;-0.20454545454545456;0.0;0.0
6524;C;"C;T";Zeroli;Monza;7;5,71;5,71;0;0;0;0;0;0;0;0;0;0;3;0.18421052631578946;0.0;0.0;0.0;-0.0;0.0;0.0
5992;C;"M;C";Bondo;Milan;22;5,91;5,77;0;0;0;0;0;0;0;4;1;0;3;0.5789473684210527;0.0;0.0;0.0;-0.22727272727272727;0.0;0.0
5421;C;"C;T";Camara D.;Parma;13;6,04;5,92;0;0;0;0;0;0;0;3;0;0;3;0.34210526315789475;0.0;0.0;0.0;-0.11538461538461539;0.0;0.0
4890;C;"M;C";Tameze;Torino;15;5,9;5,83;0;0;0;0;0;0;0;3;0;0;3;0.39473684210526316;0.0;0.0;0.0;-0.1;0.0;0.0
6191;C;"M;C";Belahyane;Lazio;26;5,77;5,69;0;0;0;0;0;0;2;4;2;0;3;0.6842105263157895;0.0;0.07692307692307693;0.0;-0.3076923076923077;0.0;0.0
6920;C;"E;W";Martins K.;Monza;6;5,92;6;0;0;0;0;0;0;1;1;0;0;3;0.15789473684210525;0.0;0.16666666666666666;0.0;-0.08333333333333333;0.0;0.0
6294;C;"M;C";Ndour;Fiorentina;7;5,71;5,64;0;0;0;0;0;0;0;1;0;0;3;0.18421052631578946;0.0;0.0;0.0;-0.07142857142857142;0.0;0.0
7019;C;"M;C";Gourna-Douath;Roma;5;5,9;5,7;0;0;0;0;0;0;0;2;0;0;3;0.13157894736842105;0.0;0.0;0.0;-0.2;0.0;0.0
5784;C;"C;T";Aebischer;Bologna;13;5,77;5,69;0;0;0;0;0;0;0;2;0;0;2;0.34210526315789475;0.0;0.0;0.0;-0.07692307692307693;0.0;0.0
6656;C;"M;C";Braunoder;Como;4;5,12;4,75;0;0;0;0;0;0;0;1;1;0;2;0.10526315789473684;0.0;0.0;0.0;-0.875;0.0;0.0
2161;C;"M;C";Haas;Empoli;6;6,08;6;0;0;0;0;0;0;0;1;0;0;2;0.15789473684210525;0.0;0.0;0.0;-0.08333333333333333;0.0;0.0
801;C;"M;C";Gagliardini;Monza;6;5,67;5,58;0;0;0;0;0;0;0;1;0;0;2;0.15789473684210525;0.0;0.0;0.0;-0.08333333333333333;0.0;0.0
2741;C;"M;C";Pessina;Monza;11;6,09;6;0;0;0;0;0;0;0;2;0;0;2;0.2894736842105263;0.0;0.0;0.0;-0.09090909090909091;0.0;0.0
6592;C;"W;T";Forson O.;Monza;6;5,67;5,67;0;0;0;0;0;0;0;0;0;0;2;0.15789473684210525;0.0;0.0;0.0;-0.0;0.0;0.0
5290;C;"M;C";Estevez;Parma;12;5,79;5,71;0;0;0;0;0;0;0;2;0;0;2;0.3157894736842105;0.0;0.0;0.0;-0.08333333333333333;0.0;0.0
526;C;C;Duncan;Venezia;14;5,86;5,79;0;0;0;0;0;0;0;2;0;0;2;0.3684210526315789;0.0;0.0;0.0;-0.07142857142857142;0.0;0.0
5485;C;"C;W";Bjarkason;Venezia;4;5,88;5,75;0;0;0;0;0;0;0;2;0;0;2;0.10526315789473684;0.0;0.0;0.0;-0.25;0.0;0.0
4376;C;"C;T";Zurkowski;Empoli;4;5,88;5,88;0;0;0;0;0;0;0;0;0;0;2;0.10526315789473684;0.0;0.0;0.0;-0.0;0.0;0.0
6922;C;"M;C";Kasa;Genoa;3;6;6;0;0;0;0;0;0;0;0;0;0;2;0.07894736842105263;0.0;0.0;0.0;-0.0;0.0;0.0
6963;C;"M;C";Condè;Venezia;3;5,83;5,67;0;0;0;0;0;0;0;2;0;0;2;0.07894736842105263;0.0;0.0;0.0;-0.3333333333333333;0.0;0.0
5540;C;"M;C";Niasse;Verona;11;5,5;5,32;0;0;0;0;0;0;0;4;0;0;2;0.2894736842105263;0.0;0.0;0.0;-0.18181818181818182;0.0;0.0
5397;C;"C;T";Kovalenko;Empoli;3;6;6;0;0;0;0;0;0;0;0;0;0;2;0.07894736842105263;0.0;0.0;0.0;-0.0;0.0;0.0
6222;C;"C;T";Rafia;Lecce;18;5,78;5,67;0;0;0;0;0;0;0;4;0;0;1;0.47368421052631576;0.0;0.0;0.0;-0.1111111111111111;0.0;0.0
5879;C;"T;A";Vignato S.;Monza;12;5,67;5,67;0;0;0;0;0;0;0;0;0;0;1;0.3157894736842105;0.0;0.0;0.0;-0.0;0.0;0.0
5486;C;C;Crnigoj;Venezia;5;5,9;5,9;0;0;0;0;0;0;0;0;0;0;1;0.13157894736842105;0.0;0.0;0.0;-0.0;0.0;0.0
5824;C;"T;A";Pafundi;Udinese;3;5,67;5,67;0;0;0;0;0;0;0;0;0;0;1;0.07894736842105263;0.0;0.0;0.0;-0.0;0.0;0.0
6228;A;Pc;Retegui;Atalanta;36;6,5;8,67;25;0;0;5;4;1;7;2;0;0;40;0.9473684210526315;0.6944444444444444;0.19444444444444445;0.0;-0.027777777777777776;0.0;10.5
2097;A;Pc;Kean;Fiorentina;32;6,42;8,08;19;0;0;2;1;1;2;6;0;0;34;0.8421052631578947;0.59375;0.0625;0.0;-0.09375;0.0;1.5
4730;A;A;Lookman;Atalanta;31;6,42;7,94;15;0;0;1;1;0;4;4;0;0;33;0.8157894736842105;0.4838709677419355;0.12903225806451613;0.0;-0.06451612903225806;0.0;4.5
4871;A;Pc;Thuram;Inter;32;6,33;7,75;14;0;0;0;0;0;4;1;0;0;30;0.8421052631578947;0.4375;0.125;0.0;-0.015625;0.0;0.0
2531;A;Pc;Lukaku;Napoli;36;6,29;7,57;14;0;0;4;3;1;9;4;0;0;30;0.9473684210526315;0.3888888888888889;0.25;0.0;-0.05555555555555555;0.0;7.5
2764;A;Pc;Martinez L.;Inter;31;6,19;7,44;12;0;0;0;0;0;3;1;0;0;26;0.8157894736842105;0.3870967741935484;0.0967741935483871;0.0;-0.016129032258064516;0.0;0.0
2489;A;A;Pedro;Lazio;28;6,21;7,27;10;0;0;2;2;0;1;3;0;0;25;0.7368421052631579;0.35714285714285715;0.03571428571428571;0.0;-0.05357142857142857;0.0;7.5
7008;A;Pc;Gimenez;Milan;12;5,88;6,75;5;0;0;1;0;1;1;3;1;0;25;0.3157894736842105;0.4166666666666667;0.08333333333333333;0.0;-0.375;0.0;-1.5
2841;A;Pc;Vlahovic;Juventus;25;6,12;7,38;10;0;0;4;4;0;3;3;0;0;24;0.6578947368421053;0.4;0.12;0.0;-0.06;0.0;13.5
6675;A;Pc;Dovbyk;Roma;32;6;7,19;12;0;0;2;2;0;2;0;0;0;23;0.8421052631578947;0.375;0.0625;0.0;-0.0;0.0;7.5
6434;A;A;Yildiz;Juventus;34;6,34;7,01;7;0;0;0;0;0;4;2;1;0;22;0.8947368421052632;0.20588235294117646;0.11764705882352941;0.0;-0.11764705882352941;0.0;0.0
6226;A;Pc;Castellanos;Lazio;29;6,29;7,17;10;0;0;3;2;1;3;7;1;0;22;0.7631578947368421;0.3448275862068966;0.10344827586206896;0.0;-0.22413793103448276;0.0;4.5
4510;A;A;Leao;Milan;34;6,19;7,06;8;0;0;0;0;0;8;5;0;0;22;0.8947368421052632;0.23529411764705882;0.23529411764705882;0.0;-0.07352941176470588;0.0;0.0
5734;A;"W;A";Soule';Roma;23;6,24;7,04;5;0;0;0;0;0;5;3;0;0;22;0.6052631578947368;0.21739130434782608;0.21739130434782608;0.0;-0.06521739130434782;0.0;0.0
5995;A;A;De Ketelaere;Atalanta;34;6,19;6,94;7;0;0;0;0;0;5;1;0;0;21;0.8947368421052632;0.20588235294117646;0.14705882352941177;0.0;-0.014705882352941176;0.0;0.0
4463;A;A;Esposito Se.;Empoli;33;6,17;6,79;8;0;0;2;1;1;0;1;0;0;21;0.868421052631579;0.24242424242424243;0.0;0.0;-0.015151515151515152;0.0;1.5
5800;A;A;Gudmundsson A.;Fiorentina;21;6,12;6,98;6;0;0;2;2;0;1;2;0;0;21;0.5526315789473685;0.2857142857142857;0.047619047619047616;0.0;-0.047619047619047616;0.0;7.5
6215;A;Pc;Lucca;Udinese;33;6,11;7,05;12;0;0;1;1;0;0;10;0;0;21;0.868421052631579;0.36363636363636365;0.0;0.0;-0.15151515151515152;0.0;4.5
5672;A;Pc;Dia;Lazio;35;6,01;6,87;9;0;0;0;0;0;4;2;0;0;21;0.9210526315789473;0.2571428571428571;0.11428571428571428;0.0;-0.02857142857142857;0.0;0.0
6435;A;Pc;Krstovic;Lecce;37;6,05;6,92;11;0;0;3;2;1;5;6;0;0;20;0.9736842105263158;0.2972972972972973;0.13513513513513514;0.0;-0.08108108108108109;0.0;4.5
309;A;A;Dybala;Roma;20;6,48;7,48;6;0;0;3;3;0;3;2;0;0;20;0.5263157894736842;0.3;0.15;0.0;-0.05;0.0;10.5
6646;A;A;Adams C.;Torino;35;6;6,76;9;0;0;1;0;1;4;3;0;0;20;0.9210526315789473;0.2571428571428571;0.11428571428571428;0.0;-0.04285714285714286;0.0;-1.5
5951;A;Pc;Kolo Muani;Juventus;16;6,22;7,78;8;0;0;1;1;0;1;0;0;0;20;0.42105263157894735;0.5;0.0625;0.0;-0.0;0.0;4.5
4359;A;Pc;Piccoli;Cagliari;37;6;6,76;10;0;0;1;1;0;1;6;0;0;19;0.9736842105263158;0.2702702702702703;0.02702702702702703;0.0;-0.08108108108108109;0.0;4.5
4371;A;A;Raspadori;Napoli;18;6,19;7,22;6;0;0;0;0;0;1;1;0;0;19;0.47368421052631576;0.3333333333333333;0.05555555555555555;0.0;-0.027777777777777776;0.0;0.0
2038;A;Pc;Pinamonti;Genoa;36;5,96;6,68;10;0;0;1;0;1;1;4;0;0;19;0.9473684210526315;0.2777777777777778;0.027777777777777776;0.0;-0.05555555555555555;0.0;-1.5
5311;A;Pc;Shomurodov;Roma;20;6,1;6,8;4;0;0;0;0;0;2;1;0;0;19;0.5263157894736842;0.2;0.1;0.0;-0.025;0.0;0.0
6895;A;A;Dominguez B.;Bologna;20;6,28;6,82;3;0;0;0;0;0;2;0;0;0;19;0.5263157894736842;0.15;0.1;0.0;-0.0;0.0;0.0
2765;A;A;Odgaard;Bologna;28;6,14;6,84;6;0;0;0;0;0;2;1;0;0;18;0.7368421052631579;0.21428571428571427;0.07142857142857142;0.0;-0.017857142857142856;0.0;0.0
6572;A;Pc;Castro S.;Bologna;33;6,17;6,76;8;0;0;1;0;1;4;8;0;1;18;0.868421052631579;0.24242424242424243;0.12121212121212122;0.0;-0.12121212121212122;0.030303030303030304;-1.5
2369;A;A;Thauvin;Udinese;24;6,31;7,19;8;0;0;3;1;2;3;0;0;0;18;0.631578947368421;0.3333333333333333;0.125;0.0;-0.0;0.0;-1.5
2155;A;Pc;Cutrone;Como;33;6,02;6,67;7;0;0;1;0;1;4;1;0;0;17;0.868421052631579;0.21212121212121213;0.12121212121212122;0.0;-0.015151515151515152;0.0;-1.5
6669;A;Pc;Bonny;Parma;37;6,03;6,51;6;0;0;3;2;1;4;2;0;0;17;0.9736842105263158;0.16216216216216217;0.10810810810810811;0.0;-0.02702702702702703;0.0;4.5
4436;A;A;Cambiaghi;Bologna;17;6,15;6,5;1;0;0;0;0;0;3;0;0;0;15;0.4473684210526316;0.058823529411764705;0.17647058823529413;0.0;-0.0;0.0;0.0
6409;A;A;Beltran L.;Fiorentina;30;5,98;6,42;5;0;0;3;2;1;4;6;0;0;15;0.7894736842105263;0.16666666666666666;0.13333333333333333;0.0;-0.1;0.0;4.5
4268;A;Pc;Arnautovic;Inter;14;6,14;7,11;4;0;0;0;0;0;2;2;0;0;14;0.3684210526315789;0.2857142857142857;0.14285714285714285;0.0;-0.07142857142857142;0.0;0.0
4923;A;Pc;Colombo;Empoli;36;5,9;6,39;6;0;0;1;1;0;2;3;1;0;14;0.9473684210526315;0.16666666666666666;0.05555555555555555;0.0;-0.125;0.0;4.5
6801;A;Pc;Tengstedt;Verona;23;5,91;6,7;6;0;0;1;1;0;1;2;0;0;14;0.6052631578947368;0.2608695652173913;0.043478260869565216;0.0;-0.043478260869565216;0.0;4.5
4179;A;A;Gonzalez N.;Juventus;23;5,96;6,37;3;0;0;0;0;0;2;3;0;0;13;0.6052631578947368;0.13043478260869565;0.08695652173913043;0.0;-0.06521739130434782;0.0;0.0
6398;A;"W;A";Isaksen;Lazio;37;6,05;6,34;4;0;0;0;0;0;1;5;0;0;13;0.9736842105263158;0.10810810810810811;0.02702702702702703;0.0;-0.06756756756756757;0.0;0.0
5471;A;Pc;Djuric;Parma;23;6;6,61;5;0;0;0;0;0;1;4;0;0;13;0.6052631578947368;0.21739130434782608;0.043478260869565216;0.0;-0.08695652173913043;0.0;0.0
608;A;Pc;Zapata D.;Torino;7;6,57;7,79;3;0;0;0;0;0;0;1;0;0;13;0.18421052631578946;0.42857142857142855;0.0;0.0;-0.07142857142857142;0.0;0.0
6630;A;Pc;Mosquera;Verona;33;5,88;6,3;5;0;0;0;0;0;1;4;0;0;13;0.868421052631579;0.15151515151515152;0.030303030303030304;0.0;-0.06060606060606061;0.0;0.0
495;A;A;Correa;Inter;15;6,13;6,57;2;0;0;0;0;0;2;3;0;0;13;0.39473684210526316;0.13333333333333333;0.13333333333333333;0.0;-0.1;0.0;0.0
6159;A;A;Sarr A.;Verona;29;5,86;6,26;4;0;0;0;0;0;0;1;0;0;13;0.7631578947368421;0.13793103448275862;0.0;0.0;-0.017241379310344827;0.0;0.0
6643;A;Pc;Dallinga;Bologna;23;5,96;6,41;3;0;0;0;0;0;2;1;0;0;12;0.6052631578947368;0.13043478260869565;0.08695652173913043;0.0;-0.021739130434782608;0.0;0.0
2438;A;Pc;Jovic;Milan;12;5,88;6,33;2;0;0;0;0;0;0;1;0;0;12;0.3157894736842105;0.16666666666666666;0.0;0.0;-0.041666666666666664;0.0;0.0
5882;A;A;Mota;Monza;31;5,84;6,31;5;0;0;0;0;0;1;3;0;0;12;0.8157894736842105;0.16129032258064516;0.03225806451612903;0.0;-0.04838709677419355;0.0;0.0
6833;A;A;Mbangula;Juventus;15;6,33;7,13;3;0;0;0;0;0;3;1;0;0;12;0.39473684210526316;0.2;0.2;0.0;-0.03333333333333333;0.0;0.0
4811;A;A;Joao Felix;Milan;12;6,04;6,42;2;0;0;0;0;0;0;3;0;0;12;0.3157894736842105;0.16666666666666666;0.0;0.0;-0.125;0.0;0.0
1958;A;A;Caprari;Monza;30;5,97;6,28;3;0;0;2;2;0;2;3;0;0;11;0.7894736842105263;0.1;0.06666666666666667;0.0;-0.05;0.0;7.5
7017;A;Pc;Douvikas;Como;12;6,21;6,75;2;0;0;0;0;0;1;1;0;0;11;0.3157894736842105;0.16666666666666666;0.08333333333333333;0.0;-0.041666666666666664;0.0;0.0
5297;A;A;Luvumbo;Cagliari;26;5,98;6,25;2;0;0;0;0;0;2;2;0;0;10;0.6842105263157895;0.07692307692307693;0.07692307692307693;0.0;-0.038461538461538464;0.0;0.0
5506;A;A;Ekuban;Genoa;18;6;6,31;1;0;0;0;0;0;3;1;0;0;10;0.47368421052631576;0.05555555555555555;0.16666666666666666;0.0;-0.027777777777777776;0.0;0.0
6556;A;A;Noslin;Lazio;19;6;6,37;2;0;0;0;0;0;2;2;0;0;10;0.5;0.10526315789473684;0.10526315789473684;0.0;-0.05263157894736842;0.0;0.0
6549;A;"W;A";Pierotti;Lecce;35;5,81;6,1;4;0;0;0;0;0;1;4;1;0;10;0.9210526315789473;0.11428571428571428;0.02857142857142857;0.0;-0.14285714285714285;0.0;0.0
2544;A;Pc;Abraham;Milan;24;5,94;6,33;3;0;0;2;1;1;4;1;0;0;10;0.631578947368421;0.125;0.16666666666666666;0.0;-0.020833333333333332;0.0;1.5
5881;A;Pc;Gytkjaer;Venezia;17;5,79;6,15;2;0;0;1;1;0;0;0;0;0;9;0.4473684210526316;0.11764705882352941;0.0;0.0;-0.0;0.0;4.5
345;A;A;Keita B.;Monza;10;5,9;6,4;2;0;0;0;0;0;0;2;0;0;9;0.2631578947368421;0.2;0.0;0.0;-0.1;0.0;0.0
6164;A;Pc;Vitinha O.;Genoa;22;5,89;6,25;2;0;0;0;0;0;3;2;0;0;8;0.5789473684210527;0.09090909090909091;0.13636363636363635;0.0;-0.045454545454545456;0.0;0.0
6653;A;A;Bravo;Udinese;16;6;6,28;2;0;0;0;0;0;0;3;0;0;8;0.42105263157894735;0.125;0.0;0.0;-0.09375;0.0;0.0
7016;A;A;Coman F.;Cagliari;9;6,06;6,28;1;0;0;0;0;0;0;2;0;0;8;0.23684210526315788;0.1111111111111111;0.0;0.0;-0.1111111111111111;0.0;0.0
7022;A;Pc;Fila;Venezia;9;5,83;6,33;2;0;0;0;0;0;0;1;1;0;8;0.23684210526315788;0.2222222222222222;0.0;0.0;-0.3888888888888889;0.0;0.0
7023;A;Pc;Pellegrino M.;Parma;11;6,14;6,86;3;0;0;0;0;0;0;2;0;0;8;0.2894736842105263;0.2727272727272727;0.0;0.0;-0.09090909090909091;0.0;0.0
6628;A;Pc;Taremi;Inter;18;5,97;6,22;1;0;0;1;1;0;2;1;0;0;7;0.47368421052631576;0.05555555555555555;0.1111111111111111;0.0;-0.027777777777777776;0.0;4.5
2061;A;Pc;Simeone;Napoli;19;5,92;6,11;1;0;0;0;0;0;1;1;0;0;7;0.5;0.05263157894736842;0.05263157894736842;0.0;-0.02631578947368421;0.0;0.0
5637;A;Pc;Davis K.;Udinese;16;6;6,38;2;0;0;0;0;0;1;2;0;0;7;0.42105263157894735;0.125;0.0625;0.0;-0.0625;0.0;0.0
247;A;Pc;Pavoletti;Cagliari;11;5,95;6,36;2;0;0;0;0;0;0;5;0;0;6;0.2894736842105263;0.18181818181818182;0.0;0.0;-0.22727272727272727;0.0;0.0
5500;A;"W;A";Cancellieri;Parma;25;5,76;6,04;3;0;0;0;0;0;0;2;1;0;6;0.6578947368421053;0.12;0.0;0.0;-0.16;0.0;0.0
6822;A;Pc;Ekhator;Genoa;15;5,87;6,1;1;0;0;0;0;0;1;1;0;0;6;0.39473684210526316;0.06666666666666667;0.06666666666666667;0.0;-0.03333333333333333;0.0;0.0
2325;A;A;Karamoh;Torino;21;5,9;5,9;0;0;0;0;0;0;1;2;0;0;6;0.5526315789473685;0.0;0.047619047619047616;0.0;-0.047619047619047616;0.0;0.0
2762;A;A;Kouame';Empoli;22;5,77;5,93;1;0;0;0;0;0;1;1;0;0;5;0.5789473684210527;0.045454545454545456;0.045454545454545456;0.0;-0.022727272727272728;0.0;0.0
6670;A;Pc;Charpentier;Parma;9;6,17;6,67;1;0;0;0;0;0;2;1;0;0;5;0.23684210526315788;0.1111111111111111;0.2222222222222222;0.0;-0.05555555555555555;0.0;0.0
479;A;Pc;Sanabria;Torino;22;5,7;5,84;2;0;0;1;0;1;1;2;0;0;5;0.5789473684210527;0.09090909090909091;0.045454545454545456;0.0;-0.045454545454545456;0.0;-1.5
6644;A;Pc;Rocha Livramento;Verona;22;5,8;5,89;1;0;0;0;0;0;1;2;1;0;5;0.5789473684210527;0.045454545454545456;0.045454545454545456;0.0;-0.18181818181818182;0.0;0.0
6207;A;"W;A";Almqvist;Parma;26;5,79;5,85;1;0;0;0;0;0;1;5;0;0;5;0.6842105263157895;0.038461538461538464;0.038461538461538464;0.0;-0.09615384615384616;0.0;0.0
186;A;A;Rebic;Lecce;18;5,89;5,92;1;0;0;0;0;0;0;3;1;0;5;0.47368421052631576;0.05555555555555555;0.0;0.0;-0.25;0.0;0.0
6227;A;A;Okafor;Napoli;12;5,88;6,12;1;0;0;0;0;0;0;0;0;0;4;0.3157894736842105;0.08333333333333333;0.0;0.0;-0.0;0.0;0.0
2103;A;Pc;Pellegri;Empoli;9;6,11;6,94;3;0;0;0;0;0;0;3;0;0;4;0.23684210526315788;0.3333333333333333;0.0;0.0;-0.16666666666666666;0.0;0.0
6914;A;A;Haj Mohamed;Parma;11;5,91;6,05;1;0;0;0;0;0;0;4;0;0;4;0.2894736842105263;0.09090909090909091;0.0;0.0;-0.18181818181818182;0.0;0.0
7001;A;"W;A";N'Dri;Lecce;7;5,86;5,86;0;0;0;0;0;0;0;0;0;0;4;0.18421052631578946;0.0;0.0;0.0;-0.0;0.0;0.0
7002;A;Pc;Ganvoula;Monza;7;5,5;5,5;0;0;0;0;0;0;0;0;0;0;4;0.18421052631578946;0.0;0.0;0.0;-0.0;0.0;0.0
5322;A;"W;A";Mihaila;Parma;20;5,78;5,88;0;0;0;0;0;0;3;2;0;0;3;0.5263157894736842;0.0;0.15;0.0;-0.05;0.0;0.0
6213;A;A;Brenner;Udinese;6;5,92;6,75;1;0;0;0;0;0;2;0;0;0;3;0.15789473684210525;0.16666666666666666;0.3333333333333333;0.0;-0.0;0.0;0.0
2475;A;A;Sanchez;Udinese;9;5,83;5,83;0;0;0;0;0;0;0;0;0;0;3;0.23684210526315788;0.0;0.0;0.0;-0.0;0.0;0.0
6250;A;Pc;Maric;Venezia;8;5,75;5,75;0;0;0;0;0;0;0;0;0;0;3;0.21052631578947367;0.0;0.0;0.0;-0.0;0.0;0.0
6598;A;Pc;Mutandwa;Cagliari;5;5,9;5,9;0;0;0;0;0;0;0;0;0;0;2;0.13157894736842105;0.0;0.0;0.0;-0.0;0.0;0.0
6657;A;Pc;Gabrielloni;Como;4;6,5;7,38;1;0;0;0;0;0;1;1;0;0;2;0.10526315789473684;0.25;0.25;0.0;-0.125;0.0;0.0
6001;A;"W;A";Banda;Lecce;13;5,77;5,81;0;0;0;0;0;0;1;1;0;0;2;0.34210526315789475;0.0;0.07692307692307693;0.0;-0.038461538461538464;0.0;0.0
6519;A;Pc;Camarda;Milan;6;5,92;5,92;0;0;0;0;0;0;0;0;0;0;2;0.15789473684210525;0.0;0.0;0.0;-0.0;0.0;0.0
6145;A;"W;A";Ngonge;Napoli;6;5,75;5,67;0;0;0;0;0;0;0;2;0;0;2;0.15789473684210525;0.0;0.0;0.0;-0.16666666666666666;0.0;0.0
6667;A;A;Benedyczak;Parma;6;5,67;5,67;0;0;0;0;0;0;0;0;0;0;2;0.15789473684210525;0.0;0.0;0.0;-0.0;0.0;0.0
6119;A;A;Solbakken;Empoli;18;5,67;5,61;0;0;0;0;0;0;0;2;0;0;2;0.47368421052631576;0.0;0.0;0.0;-0.05555555555555555;0.0;0.0
6913;A;A;Lambourde;Verona;3;6,17;7,17;1;0;0;0;0;0;0;1;0;0;2;0.07894736842105263;0.3333333333333333;0.0;0.0;-0.16666666666666666;0.0;0.0
696;A;Pc;Balotelli;Genoa;3;6;5,83;0;0;0;0;0;0;0;2;0;0;2;0.07894736842105263;0.0;0.0;0.0;-0.3333333333333333;0.0;0.0
383;A;Pc;Petagna;Monza;7;5,36;5,29;0;0;0;0;0;0;0;1;0;0;1;0.18421052631578946;0.0;0.0;0.0;-0.07142857142857142;0.0;0.0
6827;A;A;Njie;Torino;9;6;5,94;0;0;0;0;0;0;0;1;0;0;1;0.23684210526315788;0.0;0.0;0.0;-0.05555555555555555;0.0;0.0
